StartDate,EndDate,ResponseType,IPAddress,Progress,Duration,Finished,RecordedDate,ResponseID,Latitude,Longitude,Channel,Language,HairLength,DryingTime,ScalpNumber ,FlakesFrequency,HairType,ProductStyling,HairProblem,ScalpfeelWash,Strand,HairGreyed ,HairTreatmentChemeical,HairTreatment,ProductSmell,Races,AgeRange,Countries,Sex,ZipCode,Porosity,target_1,target
10/13/2020 10:12,10/13/2020 10:15,IP Address,172.58.109.119,100,201,TRUE,10/13/2020 10:15,R_10YjaPAZ1Z7gC3M,32.73190308,-96.90570068,anonymous,EN,Mid-back or longer,1-2 hours,Some of my scalp.,Sometimes,3a,"Styling Cream,Mousse,Custard,Oil","Hair Growth,Thinning,Split Ends,Breakage,Rough/Dry Hair",Combination,Thick and noticeable.,None at all,,Rarely,Fruity,Arab or Middle Eastern,18-24,Palestine,Female,75061,Medium,curly_Medium,1
10/13/2020 10:13,10/13/2020 10:16,IP Address,172.58.111.163,100,199,TRUE,10/13/2020 10:16,R_2amN5coLhXx6MxE,32.89639282,-96.8635025,anonymous,EN,Shoulder length,Just a few minutes out of the shower,I have no problem seeing my scalp.,Rarely,2b,Custard,"Thinning,Too Little Volume,Dull hair strands,Oily Scalp",Combination,Thin and bendable.,None at all,Chemical Straightening (Relaxer),Once or twice a year,Floral,Arab or Middle Eastern,18-24,Egypt,Female,75063,Low,wavy_Low,5
10/13/2020 10:20,10/13/2020 10:28,IP Address,68.249.0.5,100,450,TRUE,10/13/2020 10:28,R_3jUkyPmhmLOjIwn,32.92599487,-96.96659851,anonymous,EN,Mid-back or longer,1-2 hours,I have no problem seeing my scalp.,Weekly,3b,"Styling Cream,Custard,Oil","Hair Growth,Frizz,Dandruff,Dull hair strands,Rough/Dry Hair",Combination,Thick and noticeable.,None at all,,Every few months,Floral,Arab or Middle Eastern,18-24,Egypt,Female,75063,Medium,curly_Medium,1
10/13/2020 11:57,10/13/2020 12:00,IP Address,172.56.6.149,100,218,TRUE,10/13/2020 12:00,R_2q30HZ10txXKRLJ,30.42930603,-97.72070313,anonymous,EN,Armpit length,1-2 hours,I have no problem seeing my scalp.,Sometimes,3c,Styling Cream,"Thinning,Frizz,Too Little Volume,Dry Scalp,Chemical and Heat Damage",Combination,Thin and bendable.,None at all,Keratin Treatment,Monthly,Fruity,Arab or Middle Eastern,18-24,Jordan,Female,76137,Medium,curly_Medium,1
10/18/2020 9:50,10/18/2020 9:53,IP Address,47.187.113.212,100,156,TRUE,10/18/2020 9:53,R_23gciUOg3y0bRVi,32.96099854,-96.98410034,anonymous,EN,Mid-back or longer,1-2 hours,Some of my scalp.,Daily,3c,Styling Cream,"Hair Growth,Dry Scalp,Dandruff,Breakage,Dull hair strands",Combination,Thick and noticeable.,None at all,,Rarely,Fruity,Arab or Middle Eastern,18-24,Egypt,Female,75019,Medium,curly_Medium,1
10/18/2020 10:58,10/18/2020 11:02,IP Address,47.187.109.211,100,235,TRUE,10/18/2020 11:02,R_8hNjNPOoXxTCYDL,32.96099854,-96.98410034,anonymous,EN,Armpit length,1-2 hours,Some of my scalp.,Rarely,2c,Styling Cream,"Frizz,Split Ends,Chemical and Heat Damage",Dry,Thin and bendable.,None at all,Chemical Straightening (Relaxer),Monthly,Floral,Arab or Middle Eastern,18-24,Egypt,Female,75019,Medium,wavy_Medium,4
10/18/2020 11:35,10/18/2020 11:38,IP Address,70.236.195.228,100,160,TRUE,10/18/2020 11:38,R_2ZBUgyIteS0Q2rd,33.13710022,-96.74880219,anonymous,EN,Mid-back or longer,"A pretty long time, may be damp the whole day.",Some of my scalp.,Sometimes,3c,"Gel,Styling Cream","Hair Growth,Frizz,Split Ends,Breakage,Rough/Dry Hair",Balanced,Thick and noticeable.,None at all,,Once or twice a year,Fresh,Arab or Middle Eastern,18-24,Egypt,Female,75035,High,curly_High,0
10/18/2020 11:42,10/18/2020 11:46,IP Address,70.121.24.12,100,255,TRUE,10/18/2020 11:46,R_3qmuwavgh45Z5pT,33.1493988,-96.82800293,anonymous,EN,Mid-back or longer,Just a few minutes out of the shower,Some of my scalp.,Daily,3a,"Gel,Styling Cream","Frizz,Dry Scalp,Dandruff,Dull hair strands,Rough/Dry Hair",Dry,Thick and noticeable.,None at all,,Once or twice a year,Fruity,Arab or Middle Eastern,18-24,Palestine,Female,75035,Low,curly_Low,2
10/18/2020 12:21,10/18/2020 12:25,IP Address,185.192.69.26,100,258,TRUE,10/18/2020 12:25,R_2WvhA3eVxiiPxs4,51.5164032,-0.093002319,anonymous,EN,Above the ear or shoulder,Just a few minutes out of the shower,Very little of my scalp if any.,Sometimes,2a,"None of these, I prefer...","Too Much Volume,Dandruff,Oily Scalp",Oily,Thin and bendable.,About half of my hair,,Rarely,Fresh,Arab or Middle Eastern,55-64,Egypt,Male,75019,Low,wavy_Low,5
10/18/2020 16:12,10/18/2020 16:16,IP Address,45.29.42.206,100,203,TRUE,10/18/2020 16:16,R_1EZCAd8ORpRAA70,32.86459351,-96.78839874,anonymous,EN,Shoulder length,"A pretty long time, may be damp the whole day.",Some of my scalp.,Sometimes,3b,"Gel,Styling Cream","Thinning,Frizz,Split Ends,Breakage,Rough/Dry Hair",Combination,Thick and noticeable.,None at all,"Chemical Straightening (Relaxer),Keratin Treatment",Rarely,Fresh,Arab or Middle Eastern,18-24,Egypt,Female,75229,High,curly_High,0
10/19/2020 10:28,10/19/2020 10:31,IP Address,129.119.235.14,100,184,TRUE,10/19/2020 10:31,R_3qBX9sERRbSYZgo,32.82659912,-96.7888031,emaild,EN,Armpit length,"A pretty long time, may be damp the whole day.",I have no problem seeing my scalp.,Weekly,2c,Oil,"Hair Growth,Frizz,Split Ends,Chemical and Heat Damage,Oily Scalp",Combination,Thin and bendable.,None at all,,Every few months,Unscented,White,18-24,,Female,63141,High,wavy_High,3
10/19/2020 10:34,10/19/2020 10:37,IP Address,129.119.55.59,100,171,TRUE,10/19/2020 10:37,R_3qQmo6oxMfqF121,32.83099365,-96.76920319,anonymous,EN,Armpit length,"A pretty long time, may be damp the whole day.",I have no problem seeing my scalp.,Sometimes,3c,"Styling Cream,Oil","Hair Growth,Split Ends,Chemical and Heat Damage",Combination,Thin and bendable.,Just a few hairs here and there,,Rarely,Fresh,Black or African American,25-34,United States of America,Female,75204,High,curly_High,0
10/19/2020 11:22,10/19/2020 11:27,IP Address,129.119.235.8,100,280,TRUE,10/19/2020 11:27,R_Wd0MNbB3zYYswKJ,32.82659912,-96.7888031,anonymous,EN,Chin length,Just a few minutes out of the shower,I have no problem seeing my scalp.,Rarely,2b,Mousse,"Frizz,Too Little Volume,Dull hair strands,Anti Aging",Balanced,Thin and bendable.,Just a few hairs here and there,,Once or twice a year,Unscented,White,45-54,Finland,Female,75214,Low,wavy_Low,5
10/19/2020 11:32,10/19/2020 11:34,IP Address,67.164.105.230,100,175,TRUE,10/19/2020 11:34,R_2rZoaSm5gH6aPBs,37.2507019,-121.8359985,anonymous,EN,Above the ear or shoulder,1-2 hours,Some of my scalp.,Rarely,3a,Styling Cream,Frizz,Oily,Thick and noticeable.,Just a few hairs here and there,,Rarely,Fresh,Arab or Middle Eastern,18-24,Yemen,Male,76014,Medium,curly_Medium,1
10/19/2020 12:51,10/19/2020 12:54,IP Address,47.187.45.146,100,198,TRUE,10/19/2020 12:54,R_1dlZQIIfD58OjUS,32.84890747,-96.96669769,anonymous,EN,Above the ear or shoulder,Just a few minutes out of the shower,I have no problem seeing my scalp.,Weekly,2a,"Styling Cream,Mousse","Thinning,Frizz,Dry Scalp,Dandruff,Rough/Dry Hair",Oily,Thin and bendable.,None at all,,Rarely,Musk,Asian,18-24,Pakistan,Male,75062,Low,wavy_Low,5
10/19/2020 12:51,10/19/2020 12:54,IP Address,76.187.63.237,100,197,TRUE,10/19/2020 12:54,R_1isqQYQx5F8fuv9,32.91029358,-96.728302,anonymous,EN,Above the ear or shoulder,Just a few minutes out of the shower,I have no problem seeing my scalp.,Rarely,2c,"Styling Cream,Oil",Oily Scalp,Combination,I can't feel the strand.,None at all,,Every few months,Fresh,Black or African American,18-24,Ethiopia,Male,75243,Low,wavy_Low,5
10/19/2020 12:56,10/19/2020 13:02,IP Address,76.201.2.126,100,366,TRUE,10/19/2020 13:02,R_2fMIMeP65AAQSSB,33.1177063,-96.67910004,anonymous,EN,Mid-back or longer,"A pretty long time, may be damp the whole day.",Some of my scalp.,Weekly,2b,"Custard,Oil","Hair Growth,Thinning,Dry Scalp,Dandruff,Rough/Dry Hair",Combination,Thick and noticeable.,Just a few hairs here and there,,Rarely,Floral,Arab or Middle Eastern,18-24,Palestine,Female,75013,High,wavy_High,3
10/19/2020 13:05,10/19/2020 13:09,IP Address,172.126.17.206,100,228,TRUE,10/19/2020 13:09,R_20NzVXS1knTMCa6,32.98800659,-96.68840027,anonymous,EN,Shoulder length,"A pretty long time, may be damp the whole day.",Some of my scalp.,Rarely,2c,"Gel,Styling Cream,Oil","Hair Growth,Chemical and Heat Damage,Breakage,Rough/Dry Hair",Combination,Thick and noticeable.,Just a few hairs here and there,"Keratin Treatment,Hair Rebonding",Every few months,Fruity,Arab or Middle Eastern,18-24,Palestine,Female,75082,High,wavy_High,3
10/19/2020 13:38,10/19/2020 13:40,IP Address,98.200.152.102,100,162,TRUE,10/19/2020 13:40,R_2atvtq0dqyimMsb,29.66540527,-95.72450256,anonymous,EN,Armpit length,Just a few minutes out of the shower,I have no problem seeing my scalp.,Sometimes,2a,"None of these, I prefer...","Hair Growth,Thinning,Frizz,Too Little Volume,Oily Scalp",Oily,Thin and bendable.,None at all,,Rarely,Fresh,South Asian,18-24,Bangladesh,Female,77407,Low,wavy_Low,5
10/19/2020 14:32,10/19/2020 14:35,IP Address,24.170.119.176,100,198,TRUE,10/19/2020 14:35,R_2AQmKQUaHdNa9Nj,32.65109253,-97.09390259,anonymous,EN,Armpit length,"A pretty long time, may be damp the whole day.",Very little of my scalp if any.,Sometimes,2c,"Styling Cream,Oil","Frizz,Too Little Volume,Dull hair strands",Combination,Thick and noticeable.,None at all,,Rarely,Fresh,Arab or Middle Eastern,25-34,Palestine,Female,76017,High,wavy_High,3
10/19/2020 14:54,10/19/2020 14:58,IP Address,99.203.87.174,100,226,TRUE,10/19/2020 14:58,R_24q3lMU68nGhryK,32.73190308,-96.90570068,anonymous,EN,Armpit length,"A pretty long time, may be damp the whole day.",Very little of my scalp if any.,Weekly,3a,Styling Cream,"Frizz,Split Ends,Dandruff,Chemical and Heat Damage,Dull hair strands",Combination,Thin and bendable.,None at all,,Rarely,Fresh,Arab or Middle Eastern,18-24,Lebanon,Female,75044,High,curly_High,0
10/19/2020 15:02,10/19/2020 15:07,IP Address,47.183.192.30,100,278,TRUE,10/19/2020 15:07,R_3n2vg5VvBPitR8l,32.96569824,-96.88249969,anonymous,EN,,1-2 hours,Some of my scalp.,Daily,2a,"None of these, I prefer...","Dry Scalp,Dandruff,Dull hair strands",Oily,Thick and noticeable.,None at all,,Once or twice a year,Floral,South Asian,18-24,Pakistan,Female,75039,Medium,wavy_Medium,4
10/19/2020 15:08,10/19/2020 15:10,IP Address,24.242.251.149,100,122,TRUE,10/19/2020 15:10,R_3lEOKco9Sb17IOs,33.19760132,-96.61779785,anonymous,EN,Mid-back or longer,"A pretty long time, may be damp the whole day.",Some of my scalp.,Sometimes,3a,"Styling Cream,Mousse,Oil","Frizz,Dull hair strands",Dry,Thin and bendable.,None at all,,Rarely,Floral,Arab or Middle Eastern,18-24,Egypt,Female,75071,High,curly_High,0
10/19/2020 15:16,10/19/2020 15:19,IP Address,97.99.193.152,100,177,TRUE,10/19/2020 15:19,R_poZKaC9ZPIfJQOZ,33.02870178,-96.68260193,anonymous,EN,Chin length,1-2 hours,I have no problem seeing my scalp.,Sometimes,3c,Styling Cream,"Dry Scalp,Oily Scalp",Balanced,Thick and noticeable.,None at all,,Rarely,Fresh,Arab or Middle Eastern,18-24,,Prefer to not describe,75080,Medium,curly_Medium,1
10/19/2020 15:31,10/19/2020 15:35,IP Address,108.201.64.33,100,268,TRUE,10/19/2020 15:35,R_3kA6hl07lQMnOTW,32.65870667,-97.16169739,anonymous,EN,Mid-back or longer,"A pretty long time, may be damp the whole day.",Some of my scalp.,Sometimes,3a,"Styling Cream,Mousse","Thinning,Frizz,Too Little Volume,Dandruff,Dull hair strands",Balanced,Thin and bendable.,None at all,,Once or twice a year,Fresh,Arab or Middle Eastern,18-24,Palestine,Female,76002,High,curly_High,0
10/19/2020 16:35,10/19/2020 16:39,IP Address,172.58.109.69,100,217,TRUE,10/19/2020 16:39,R_pt95nC1SSFDhNXr,32.73190308,-96.90570068,anonymous,EN,Mid-back or longer,"A pretty long time, may be damp the whole day.",Very little of my scalp if any.,Rarely,3b,"Gel,Styling Cream,Oil","Hair Growth,Frizz,Chemical and Heat Damage,Breakage",Dry,Thick and noticeable.,None at all,,Rarely,Fruity,Arab or Middle Eastern,18-24,Palestine,Female,75062,High,curly_High,0
10/19/2020 18:06,10/19/2020 18:09,IP Address,209.163.192.132,100,217,TRUE,10/19/2020 18:09,R_1jdJHYNIkwOvqGo,32.86839294,-96.93840027,anonymous,EN,Chin length,"A pretty long time, may be damp the whole day.",Some of my scalp.,Rarely,4c,"Custard,Oil,Hair Spray","Hair Growth,Split Ends,Breakage,Dull hair strands,Rough/Dry Hair",Dry,Thick and noticeable.,None at all,,Rarely,Fruity,Black or African American,18-Oct,United States of America,Female,75063,High,coils_High,6
10/19/2020 20:00,10/19/2020 20:04,IP Address,172.58.111.212,100,250,TRUE,10/19/2020 20:04,R_31a6HDwufu6lQNA,32.89639282,-96.8635025,anonymous,EN,Mid-back or longer,1-2 hours,Some of my scalp.,Sometimes,3b,"Styling Cream,Oil","Dry Scalp,Dandruff,Breakage,Dull hair strands,Rough/Dry Hair",Dry,Thick and noticeable.,None at all,,Rarely,,Arab or Middle Eastern,18-24,Algeria,Male,,Medium,curly_Medium,1
10/19/2020 20:10,10/19/2020 20:13,IP Address,66.169.197.62,100,182,TRUE,10/19/2020 20:13,R_1nTsU6rqnkVGY9t,32.82659912,-96.7888031,anonymous,EN,Armpit length,1-2 hours,Some of my scalp.,Weekly,3b,"Gel,Styling Cream,Oil","Hair Growth,Frizz,Dry Scalp,Breakage,Rough/Dry Hair",Balanced,Thin and bendable.,None at all,,Rarely,Fruity,"White,Black or African American",18-24,Montenegro,Female,75205,Medium,curly_Medium,1
10/19/2020 21:04,10/19/2020 21:09,IP Address,172.126.18.183,100,277,TRUE,10/19/2020 21:09,R_3hluyMUANBbO7sE,32.98800659,-96.68840027,anonymous,EN,Shoulder length,1-2 hours,Very little of my scalp if any.,Sometimes,2c,Styling Cream,"Chemical and Heat Damage,Rough/Dry Hair",Balanced,Thin and bendable.,None at all,"Chemical Straightening (Relaxer),Keratin Treatment",Once or twice a year,Floral,Arab or Middle Eastern,18-24,Egypt,Female,90024,Medium,wavy_Medium,4
10/19/2020 23:17,10/19/2020 23:20,IP Address,108.69.193.104,100,200,TRUE,10/19/2020 23:20,R_3suzNIVHbPtKuh6,32.85450745,-96.59909821,anonymous,EN,Mid-back or longer,"A pretty long time, may be damp the whole day.",Very little of my scalp if any.,Sometimes,2b,Styling Cream,"Hair Growth,Thinning,Dandruff,Dull hair strands,Rough/Dry Hair",Combination,Thick and noticeable.,None at all,,Rarely,Fresh,Arab or Middle Eastern,18-24,Jordan,Female,75182,High,wavy_High,3
10/20/2020 0:49,10/20/2020 1:13,IP Address,72.191.229.110,100,1463,TRUE,10/20/2020 1:13,R_3qQFlEso5kDX1I1,32.95219421,-96.66539764,anonymous,EN,Mid-back or longer,1-2 hours,Very little of my scalp if any.,Rarely,2c,"Styling Cream,Oil","Frizz,Rough/Dry Hair",Combination,Thick and noticeable.,None at all,Keratin Treatment,Monthly,Musk,Arab or Middle Eastern,35-44,Egypt,Female,75044,Medium,wavy_Medium,4
10/20/2020 7:20,10/20/2020 7:22,IP Address,173.90.246.57,100,144,TRUE,10/20/2020 7:22,R_54kxu5VPpzVGJpf,41.38929749,-81.30490112,anonymous,EN,Mid-back or longer,1-2 hours,Some of my scalp.,Weekly,2c,"Styling Cream,Mousse","Frizz,Dry Scalp,Rough/Dry Hair",Combination,Thick and noticeable.,None at all,,Rarely,Fresh,Asian,18-24,India,Female,44139,Medium,wavy_Medium,4
10/20/2020 9:11,10/20/2020 9:14,IP Address,47.188.41.129,100,143,TRUE,10/20/2020 9:14,R_2TyOwGe6CSmImKR,33.0809021,-96.72409821,anonymous,EN,Shoulder length,"A pretty long time, may be damp the whole day.",Some of my scalp.,Rarely,3a,Styling Cream,"Hair Growth,Frizz,Too Much Volume",Balanced,Thick and noticeable.,None at all,,Once or twice a year,Fruity,South Asian,18-Oct,Pakistan,Female,75025,High,curly_High,0
10/20/2020 15:49,10/20/2020 15:55,IP Address,47.187.34.35,100,369,TRUE,10/20/2020 15:55,R_2U4z3qpBjujKmmO,32.84890747,-96.96669769,anonymous,EN,Shoulder length,1-2 hours,Very little of my scalp if any.,Rarely,3b,"Gel,Styling Cream,Custard,Oil","Frizz,Split Ends,Dry Scalp,Rough/Dry Hair",Balanced,Thick and noticeable.,None at all,,Rarely,Fruity,South Asian,18-24,India,Female,75062,Medium,curly_Medium,1
10/20/2020 22:20,10/20/2020 22:26,IP Address,108.28.118.188,100,407,TRUE,10/20/2020 22:26,R_24bH8jFDEccK2MT,38.96090698,-77.34290314,anonymous,EN,Shoulder length,1-2 hours,Some of my scalp.,Daily,3a,"Mousse,Oil","Hair Growth,Baldness/Alopecia,Frizz,Dry Scalp,Dandruff",Combination,Thin and bendable.,None at all,,Every few months,Fresh,Arab or Middle Eastern,18-24,Syrian Arab Republic,Female,76021,Medium,curly_Medium,1
10/20/2020 22:56,10/20/2020 22:58,IP Address,47.189.53.159,100,128,TRUE,10/20/2020 22:58,R_3KIA3QYMAdSOATJ,32.9992981,-96.83460236,anonymous,EN,Shoulder length,"A pretty long time, may be damp the whole day.",Some of my scalp.,Sometimes,3b,Styling Cream,"Hair Growth,Frizz",Balanced,Thin and bendable.,Just a few hairs here and there,,Rarely,Fresh,Arab or Middle Eastern,18-24,Egypt,Female,75093,High,curly_High,0
10/21/2020 7:21,10/21/2020 7:24,IP Address,66.25.36.33,100,163,TRUE,10/21/2020 7:24,R_2QWhNwFjEFiDVtC,32.87559509,-96.74949646,anonymous,EN,,Just a few minutes out of the shower,I have no problem seeing my scalp.,Sometimes,2b,"None of these, I prefer...","Hair Growth,Thinning,Frizz,Too Little Volume,Split Ends",Dry,Thick and noticeable.,None at all,,Weekly,Musk,Arab or Middle Eastern,18-24,Egypt,Female,,Low,wavy_Low,5
10/21/2020 13:23,10/21/2020 13:29,IP Address,68.203.142.8,100,332,TRUE,10/21/2020 13:29,R_2YVvGJ3oka7L1k6,33.00320435,-96.54340363,anonymous,EN,Above the ear or shoulder,Just a few minutes out of the shower,I have no problem seeing my scalp.,Rarely,1,"None of these, I prefer...","Thinning,Frizz,Dull hair strands,Oily Scalp",Oily,Thin and bendable.,None at all,,Rarely,Unscented,South Asian,18-24,Pakistan,Male,75048,Low,Straight_Low,10
10/21/2020 14:02,10/21/2020 14:05,IP Address,97.99.101.254,100,209,TRUE,10/21/2020 14:05,R_6onWWgcFVgK2h6F,32.9992981,-96.83460236,anonymous,EN,Above the ear or shoulder,Just a few minutes out of the shower,I have no problem seeing my scalp.,Rarely,2a,Gel,"Thinning,Baldness/Alopecia",Oily,Thin and bendable.,None at all,,Rarely,Fresh,Arab or Middle Eastern,25-34,Palestine,Male,75287,Low,wavy_Low,5
10/21/2020 14:08,10/21/2020 14:12,IP Address,76.184.7.203,100,208,TRUE,10/21/2020 14:12,R_2428WLw2uo6qlKq,32.78160095,-97.08280182,anonymous,EN,Armpit length,"A pretty long time, may be damp the whole day.",I have no problem seeing my scalp.,Rarely,3b,"Mousse,Oil,None of these, I prefer...","Thinning,Frizz,Too Little Volume,Breakage",Balanced,Thin and bendable.,None at all,,Monthly,Unscented,Arab or Middle Eastern,18-24,Palestine,Female,76006,High,curly_High,0
10/21/2020 21:51,10/21/2020 21:54,IP Address,172.9.32.19,100,200,TRUE,10/21/2020 21:54,R_PTcEBnA8fxyLprX,33.51190186,-101.9316025,anonymous,EN,Above the ear or shoulder,1-2 hours,Some of my scalp.,Rarely,3a,"Hair Wax/Pomade,Oil","Split Ends,Dry Scalp,Chemical and Heat Damage",Combination,Thin and bendable.,Just a few hairs here and there,,Every few months,Floral,Arab or Middle Eastern,25-34,Syrian Arab Republic,Male,79423,Medium,curly_Medium,1
10/22/2020 14:07,10/22/2020 14:11,IP Address,47.187.113.212,100,241,TRUE,10/22/2020 14:11,R_427o4BsVBk9b13X,32.96099854,-96.98410034,anonymous,EN,Mid-back or longer,1-2 hours,Some of my scalp.,Sometimes,3c,Styling Cream,"Frizz,Too Little Volume,Dandruff,Breakage",Balanced,Thick and noticeable.,None at all,,Rarely,Floral,Arab or Middle Eastern,18-Oct,Egypt,Female,75019,Medium,curly_Medium,1
10/23/2020 21:31,10/23/2020 21:34,IP Address,174.246.132.25,100,200,TRUE,10/23/2020 21:34,R_eKhMVU3LjCo7OAF,32.83099365,-96.76920319,anonymous,EN,Chin length,"A pretty long time, may be damp the whole day.",Some of my scalp.,Weekly,3c,Styling Cream,"Hair Growth,Frizz,Split Ends,Dandruff,Breakage",Balanced,Thick and noticeable.,None at all,,Rarely,Spice,Arab or Middle Eastern,18-24,Egypt,Female,75093,High,curly_High,0
10/24/2020 15:16,10/24/2020 15:18,IP Address,172.58.70.179,100,167,TRUE,10/24/2020 15:18,R_1OIeIsbhGS0n1GZ,36.06059265,-95.94560242,anonymous,EN,,1-2 hours,I have no problem seeing my scalp.,Daily,3b,"None of these, I prefer...","Thinning,Too Little Volume,Dandruff",Oily,Thin and bendable.,None at all,,Rarely,Unscented,Arab or Middle Eastern,25-34,Egypt,Male,,Medium,curly_Medium,1
10/24/2020 22:34,10/24/2020 22:38,IP Address,72.180.102.8,100,264,TRUE,10/24/2020 22:38,R_3FQB9PsTVm5RCiM,33.0809021,-96.72409821,anonymous,EN,Shoulder length,Just a few minutes out of the shower,I have no problem seeing my scalp.,Sometimes,2c,Styling Cream,"Hair Growth,Thinning,Too Little Volume",Oily,Thin and bendable.,Just a few hairs here and there,,Rarely,Unscented,Arab or Middle Eastern,18-24,Palestine,Female,,Low,wavy_Low,5
10/28/2020 10:18,10/28/2020 10:22,IP Address,98.201.127.16,100,231,TRUE,10/28/2020 10:22,R_31irfUoB4vLvsO2,29.74499512,-95.73259735,anonymous,EN,,1-2 hours,Some of my scalp.,Sometimes,2b,"Mousse,Custard","Hair Growth,Baldness/Alopecia,Frizz,Split Ends,Chemical and Heat Damage,Breakage,Rough/Dry Hair",Oily,Thick and noticeable.,None at all,,Once or twice a year,Floral,Arab or Middle Eastern,25-34,Lebanon,Female,77450,Medium,wavy_Medium,4
10/28/2020 22:34,10/28/2020 22:37,IP Address,47.185.219.34,100,202,TRUE,10/28/2020 22:37,R_1PXCpYWZ469P0q1,33.02870178,-96.68260193,anonymous,EN,Mid-back or longer,"A pretty long time, may be damp the whole day.",Some of my scalp.,Sometimes,3b,Styling Cream,"Frizz,Dandruff,Breakage,Dull hair strands,Rough/Dry Hair",Dry,Thin and bendable.,Just a few hairs here and there,,Rarely,Fruity,Arab or Middle Eastern,18-24,Egypt,Female,75074,High,curly_High,0
10/28/2020 22:36,10/28/2020 22:40,IP Address,73.132.69.38,100,247,TRUE,10/28/2020 22:40,R_2pLzKvouJweK7S4,38.96090698,-77.34290314,anonymous,EN,Armpit length,Just a few minutes out of the shower,I have no problem seeing my scalp.,Rarely,3a,"None of these, I prefer...","Hair Growth,Thinning,Baldness/Alopecia",Balanced,Thin and bendable.,Just a few hairs here and there,,Rarely,Fresh,Arab or Middle Eastern,25-34,Egypt,Male,20190,Low,curly_Low,2
10/28/2020 22:42,10/28/2020 22:44,IP Address,47.185.247.60,100,137,TRUE,10/28/2020 22:44,R_xoAcD7q47LEcWHv,33.02870178,-96.68260193,anonymous,EN,Shoulder length,"A pretty long time, may be damp the whole day.",Some of my scalp.,Rarely,2a,Oil,Oily Scalp,Oily,Thick and noticeable.,None at all,Keratin Treatment,Every few months,Fresh,,18-24,Iraq,Female,,High,wavy_High,3
10/28/2020 22:41,10/28/2020 22:46,IP Address,75.28.20.215,100,335,TRUE,10/28/2020 22:46,R_331pSTkHWFU4q3n,32.82850647,-97.0951004,anonymous,EN,Armpit length,"A pretty long time, may be damp the whole day.",I have no problem seeing my scalp.,Sometimes,3b,"Gel,Mousse,Hair Wax/Pomade","Hair Growth,Thinning,Frizz,Split Ends,Breakage",Combination,Thin and bendable.,None at all,,Rarely,Fruity,White,18-24,United States of America,Female,76040,High,curly_High,0
10/28/2020 23:02,10/28/2020 23:06,IP Address,97.99.210.190,100,244,TRUE,10/28/2020 23:06,R_2an0Hjcr71j0QWs,33.02870178,-96.68260193,anonymous,EN,,"A pretty long time, may be damp the whole day.",I have no problem seeing my scalp.,Sometimes,4a,"Styling Cream,Oil","Thinning,Frizz,Split Ends,Dull hair strands",Dry,Thin and bendable.,None at all,,Once or twice a year,Fresh,Black or African American,18-24,Ethiopia,Female,,High,coils_High,6
10/29/2020 0:42,10/29/2020 0:45,IP Address,129.119.235.26,100,217,TRUE,10/29/2020 0:45,R_24c91MJZyO7sIEs,32.82659912,-96.7888031,anonymous,EN,Above the ear or shoulder,1-2 hours,Some of my scalp.,Rarely,4a,"Styling Cream,Hair Wax/Pomade,Oil","Oily Scalp,Rough/Dry Hair",Balanced,Thick and noticeable.,None at all,,Rarely,Fresh,Black or African American,18-24,United States of America,Male,75104,Medium,coils_Medium,7
10/29/2020 0:48,10/29/2020 0:55,IP Address,66.68.202.46,100,390,TRUE,10/29/2020 0:55,R_3rSCQVHoQaC88T6,33.00320435,-96.54340363,anonymous,EN,Above the ear or shoulder,1-2 hours,I have no problem seeing my scalp.,Rarely,4a,"None of these, I prefer...",Dry Scalp,Dry,Thin and bendable.,None at all,,Rarely,Fresh,Black or African American,25-34,United States of America,Male,75056,Medium,coils_Medium,7
10/29/2020 8:14,10/29/2020 8:17,IP Address,151.185.60.250,100,173,TRUE,10/29/2020 8:17,R_SAJjRNkqOGI8XjH,26.71650696,-80.06790161,anonymous,EN,,"A pretty long time, may be damp the whole day.",I have no problem seeing my scalp.,Daily,4a,Mousse,Rough/Dry Hair,Balanced,Thick and noticeable.,None at all,,Rarely,Fresh,White,18-24,Dominican Republic,Female,33437,High,coils_High,6
10/29/2020 8:15,10/29/2020 8:18,IP Address,172.3.108.137,100,214,TRUE,10/29/2020 8:18,R_1iaKyo336ARrOlL,32.94729614,-96.70279694,anonymous,EN,Above the ear or shoulder,Just a few minutes out of the shower,I have no problem seeing my scalp.,Rarely,2b,Styling Cream,"Thinning,Baldness/Alopecia,Frizz,Dry Scalp,Rough/Dry Hair",Balanced,Thin and bendable.,None at all,,Rarely,Fresh,Arab or Middle Eastern,25-34,Egypt,Male,75080,Low,wavy_Low,5
10/29/2020 8:57,10/29/2020 9:01,IP Address,172.58.109.223,100,239,TRUE,10/29/2020 9:01,R_1rANC0fSvJlJQhM,32.73190308,-96.90570068,anonymous,EN,Shoulder length,"A pretty long time, may be damp the whole day.",Some of my scalp.,Sometimes,3b,Gel,"Hair Growth,Frizz,Dry Scalp,Rough/Dry Hair",Combination,Thick and noticeable.,Just a few hairs here and there,,Every few months,Fresh,Asian,25-34,Pakistan,Female,75044,High,curly_High,0
10/29/2020 21:37,10/29/2020 21:39,IP Address,172.58.99.21,100,158,TRUE,10/29/2020 21:39,R_1LMsVklQbBZNmhv,29.75450134,-95.40930176,anonymous,EN,Mid-back or longer,"A pretty long time, may be damp the whole day.",Some of my scalp.,Sometimes,2b,"None of these, I prefer...","Frizz,Split Ends,Dull hair strands,Oily Scalp,Rough/Dry Hair",Combination,Thin and bendable.,None at all,,Rarely,Fruity,South Asian,18-24,Pakistan,Female,76054,High,wavy_High,3
11/5/2020 23:18,11/5/2020 23:24,IP Address,184.167.32.254,100,348,TRUE,11/5/2020 23:24,R_4Z2iIKi7WODnbZ7,43.45280457,-110.7393036,anonymous,EN,Armpit length,1-2 hours,Very little of my scalp if any.,Weekly,3a,Oil,"Frizz,Split Ends,Chemical and Heat Damage,Rough/Dry Hair,Pregnancy Related Thinning",Combination,Thick and noticeable.,None at all,,Rarely,Musk,White,18-24,United States of America,Female,83001,Medium,curly_Medium,1
11/6/2020 6:04,11/6/2020 6:08,IP Address,172.58.100.101,100,246,TRUE,11/6/2020 6:08,R_8GFVXdSsMG99mtb,29.85949707,-95.38469696,anonymous,EN,Armpit length,1-2 hours,Some of my scalp.,Rarely,3a,"Gel,Styling Cream","Thinning,Frizz,Too Little Volume,Breakage,Dull hair strands",Balanced,I can't feel the strand.,Just a few hairs here and there,Keratin Treatment,Rarely,Floral,Arab or Middle Eastern,25-34,Egypt,Female,77802,Medium,curly_Medium,1
11/6/2020 6:46,11/6/2020 6:52,IP Address,107.200.226.154,100,362,TRUE,11/6/2020 6:52,R_3NyXfFGlvh6UGjZ,32.86459351,-96.78839874,anonymous,EN,Mid-back or longer,1-2 hours,Some of my scalp.,Rarely,3a,"Styling Cream,None of these, I prefer...","Frizz,Split Ends,Dull hair strands",Combination,Thin and bendable.,None at all,,Once or twice a year,Floral,White,18-24,Germany,Female,75214,Medium,curly_Medium,1
11/6/2020 8:52,11/6/2020 9:04,IP Address,199.127.115.133,100,766,TRUE,11/6/2020 9:04,R_1pT2ewvYTVod5Dq,47.61700439,-117.3610001,anonymous,EN,Armpit length,1-2 hours,I have no problem seeing my scalp.,Rarely,2a,"None of these, I prefer...","Frizz,Split Ends,Dull hair strands,Oily Scalp,Rough/Dry Hair",Combination,Thin and bendable.,None at all,Keratin Treatment,Rarely,Floral,"Arab or Middle Eastern,Other",18-24,Egypt,Female,99352,Medium,wavy_Medium,4
11/6/2020 15:42,11/6/2020 15:46,IP Address,184.167.12.217,100,254,TRUE,11/6/2020 15:46,R_3F5msl3ODdCnQUn,43.45280457,-110.7393036,anonymous,EN,Armpit length,1-2 hours,I have no problem seeing my scalp.,Sometimes,3b,Oil,"Hair Growth,Frizz,Breakage",Dry,Thick and noticeable.,None at all,,Monthly,Floral,White,18-24,United States of America,Female,83001,Medium,curly_Medium,1
11/7/2020 6:32,11/7/2020 6:36,IP Address,70.123.108.80,100,219,TRUE,11/7/2020 6:36,R_3Db9KFti50Xcl2G,32.83099365,-96.76920319,anonymous,EN,Armpit length,1-2 hours,I have no problem seeing my scalp.,Rarely,2a,Hair Spray,"Thinning,Too Little Volume,Breakage",Balanced,Thin and bendable.,None at all,,Monthly,Fruity,Asian,18-24,India,Female,75214,Medium,wavy_Medium,4
11/8/2020 18:19,11/8/2020 18:22,IP Address,172.90.236.22,100,161,TRUE,11/8/2020 18:22,R_eqA1QjWHcv6v1yF,34.06260681,-118.3945999,anonymous,EN,Shoulder length,1-2 hours,I have no problem seeing my scalp.,Rarely,3b,Mousse,"Thinning,Frizz,Too Much Volume,Split Ends,Rough/Dry Hair",Combination,Thin and bendable.,None at all,Keratin Treatment,Rarely,Fresh,White,18-24,El Salvador,Female,90272,Medium,curly_Medium,1
11/9/2020 15:45,11/9/2020 15:54,IP Address,67.10.70.70,100,504,TRUE,11/9/2020 15:54,R_aW6M2rQOHcEuSAh,33.03909302,-97.07640076,anonymous,EN,Armpit length,1-2 hours,Some of my scalp.,Weekly,3b,Oil,"Frizz,Breakage,Rough/Dry Hair",Balanced,Thin and bendable.,None at all,,Rarely,Floral,White,18-24,Mexico,Female,75077,Medium,curly_Medium,1
11/9/2020 15:50,11/9/2020 15:55,IP Address,173.79.66.115,100,288,TRUE,11/9/2020 15:55,R_3HzPH0aFjmoFx1g,38.99940491,-77.03359985,anonymous,EN,Armpit length,"A pretty long time, may be damp the whole day.",Very little of my scalp if any.,Daily,4a,"Gel,Styling Cream,Hair Wax/Pomade","Hair Growth,Baldness/Alopecia,Dry Scalp,Dandruff,Chemical and Heat Damage,Rough/Dry Hair",Dry,Thick and noticeable.,None at all,Natural extensions,Once or twice a year,Floral,Black or African American,18-24,Cameroon,Female,20910,High,coils_High,6
11/9/2020 16:00,11/9/2020 16:03,IP Address,107.77.199.116,100,166,TRUE,11/9/2020 16:03,R_3dEAmBuICoDJStA,32.84449768,-96.82189941,anonymous,EN,Shoulder length,1-2 hours,Some of my scalp.,Sometimes,3a,"Gel,Styling Cream","Hair Growth,Thinning,Frizz",Combination,Thin and bendable.,None at all,Keratin Treatment,Rarely,Musk,Arab or Middle Eastern,18-24,Iraq,Female,75019,Medium,curly_Medium,1
11/9/2020 16:06,11/9/2020 16:13,IP Address,45.25.155.198,100,388,TRUE,11/9/2020 16:13,R_2cjgEfmgFtVNqCc,27.26210022,-80.38349915,anonymous,EN,Above the ear or shoulder,1-2 hours,I have no problem seeing my scalp.,Rarely,4a,"Styling Cream,Custard","Frizz,Dull hair strands",Balanced,Thin and bendable.,Just a few hairs here and there,,Every few months,Fresh,Black or African American,55-64,United States of America,Female,34953,Medium,coils_Medium,7
11/9/2020 16:56,11/9/2020 16:58,IP Address,76.183.139.111,100,150,TRUE,11/9/2020 16:58,R_3k87z5VElMp86i1,32.82850647,-97.0951004,anonymous,EN,Mid-back or longer,1-2 hours,Some of my scalp.,Rarely,2c,"Mousse,Oil","Thinning,Frizz,Dry Scalp,Breakage,Rough/Dry Hair",Combination,Thin and bendable.,None at all,,Rarely,Fruity,Arab or Middle Eastern,18-24,Palestine,Female,76040,Medium,wavy_Medium,4
11/9/2020 17:25,11/9/2020 17:28,IP Address,104.190.138.239,100,204,TRUE,11/9/2020 17:28,R_RzclpF4RmO6tkwF,30.17460632,-97.82029724,anonymous,EN,,"A pretty long time, may be damp the whole day.",I have no problem seeing my scalp.,Weekly,3a,"Gel,Styling Cream,Custard,Oil","Hair Growth,Thinning,Frizz,Too Little Volume,Split Ends,Dry Scalp,Chemical and Heat Damage,Breakage",Balanced,Thin and bendable.,None at all,,Every few months,Floral,Black or African American,18-24,Ethiopia,Female,75063,High,curly_High,0
11/9/2020 17:48,11/9/2020 17:50,IP Address,172.58.45.87,100,130,TRUE,11/9/2020 17:50,R_3hDD3R8rtdtD1B1,45.53309631,-122.7037048,anonymous,EN,,1-2 hours,Some of my scalp.,Rarely,3b,Oil,"Thinning,Too Little Volume,Dry Scalp,Chemical and Heat Damage,Rough/Dry Hair",Balanced,Thin and bendable.,None at all,,Rarely,Unscented,Arab or Middle Eastern,18-24,Syrian Arab Republic,Male,,Medium,curly_Medium,1
11/9/2020 18:24,11/9/2020 18:27,IP Address,72.181.222.205,100,191,TRUE,11/9/2020 18:27,R_2fCY3FvWBrQbXdj,32.82310486,-96.96679688,anonymous,EN,Armpit length,1-2 hours,I have no problem seeing my scalp.,Sometimes,3b,Styling Cream,"Hair Growth,Frizz,Too Little Volume,Split Ends,Breakage",Balanced,I can't feel the strand.,None at all,,Rarely,Fresh,Black or African American,18-24,Ethiopia,Female,75060,Medium,curly_Medium,1
11/9/2020 19:12,11/9/2020 19:15,IP Address,108.201.50.59,100,223,TRUE,11/9/2020 19:15,R_3si6Veilfr1rmwo,32.47999573,-96.9905014,anonymous,EN,Armpit length,1-2 hours,Some of my scalp.,Daily,2c,Styling Cream,"Hair Growth,Thinning,Baldness/Alopecia,Too Little Volume,Dandruff",Combination,Thin and bendable.,None at all,,Once or twice a year,Floral,Arab or Middle Eastern,18-24,Lebanon,Female,76065,Medium,wavy_Medium,4
11/9/2020 20:37,11/9/2020 20:42,IP Address,45.29.42.206,100,311,TRUE,11/9/2020 20:42,R_1jHsfhPGbHleKY1,32.86459351,-96.78839874,anonymous,EN,Armpit length,"A pretty long time, may be damp the whole day.",Very little of my scalp if any.,Rarely,3b,"Styling Cream,Custard,Oil","Frizz,Rough/Dry Hair",Combination,Thin and bendable.,None at all,,Once or twice a year,Fruity,Arab or Middle Eastern,18-Oct,Egypt,Female,75229,High,curly_High,0
11/9/2020 23:45,11/9/2020 23:48,IP Address,174.244.16.246,100,173,TRUE,11/9/2020 23:48,R_1NweTvZFQ5tqXbk,32.82659912,-96.7888031,anonymous,EN,Mid-back or longer,1-2 hours,Some of my scalp.,Rarely,3a,"Styling Cream,Mousse,Oil","Hair Growth,Split Ends,Dry Scalp,Chemical and Heat Damage,Rough/Dry Hair",Combination,I can't feel the strand.,None at all,,Rarely,Fruity,Arab or Middle Eastern,18-24,Jordan,Female,79323,Medium,curly_Medium,1
11/10/2020 2:50,11/10/2020 2:55,IP Address,188.54.78.251,100,303,TRUE,11/10/2020 2:55,R_3maScuhsPNVS1LM,21.42669678,39.82609558,anonymous,EN,Mid-back or longer,"A pretty long time, may be damp the whole day.",Very little of my scalp if any.,Sometimes,2c,Styling Cream,"Frizz,Split Ends,Dry Scalp,Rough/Dry Hair",Combination,Thick and noticeable.,Just a few hairs here and there,,Every few months,Fresh,Arab or Middle Eastern,25-34,Syrian Arab Republic,Female,76180,High,wavy_High,3
11/10/2020 9:12,11/10/2020 9:18,IP Address,100.8.145.10,100,382,TRUE,11/10/2020 9:18,R_2UVhtuZCqpD3wv1,40.43200684,-74.20040131,anonymous,EN,,"A pretty long time, may be damp the whole day.",Some of my scalp.,Rarely,2b,"Gel,Styling Cream,Mousse,Oil","Hair Growth,Frizz,Too Little Volume,Split Ends,Breakage",Balanced,Thin and bendable.,None at all,,Rarely,Floral,"Black or African American,American Indian or Alaska Native",18-24,United States of America,Female,7735,High,wavy_High,3
11/10/2020 15:08,11/10/2020 15:13,IP Address,68.79.143.253,100,275,TRUE,11/10/2020 15:13,R_Ucs1Tok3sxyXZbH,33.83320618,-84.60310364,anonymous,EN,,1-2 hours,I have no problem seeing my scalp.,Rarely,3b,"Gel,Styling Cream,Mousse,Custard",Too Little Volume,Balanced,Thin and bendable.,None at all,,Once or twice a year,Fresh,"Black or African American,South Asian",25-34,Jamaica,Female,30126,Medium,curly_Medium,1
11/10/2020 23:05,11/10/2020 23:08,IP Address,172.58.111.219,100,198,TRUE,11/10/2020 23:08,R_274lUhQfkGAROZI,32.73190308,-96.90570068,anonymous,EN,Shoulder length,1-2 hours,Some of my scalp.,Daily,4a,"Styling Cream,Mousse,Oil","Frizz,Dandruff",Balanced,Thin and bendable.,None at all,,Rarely,Fresh,Arab or Middle Eastern,18-Oct,Egypt,Female,75082,Medium,coils_Medium,7
11/10/2020 23:12,11/10/2020 23:16,IP Address,75.38.16.160,100,215,TRUE,11/10/2020 23:16,R_2UYgbADVP5A6qN7,33.13710022,-96.74880219,anonymous,EN,Shoulder length,1-2 hours,Some of my scalp.,Sometimes,2c,"None of these, I prefer...","Thinning,Frizz,Split Ends,Dull hair strands,Oily Scalp",Combination,Thin and bendable.,None at all,,Every few months,Musk,Arab or Middle Eastern,18-24,Palestine,Female,75035,Medium,wavy_Medium,4
11/10/2020 23:29,11/10/2020 23:32,IP Address,99.49.242.57,100,215,TRUE,11/10/2020 23:32,R_Z1B8CiPn6zceSM9,32.69569397,-97.09069824,anonymous,EN,Mid-back or longer,1-2 hours,I have no problem seeing my scalp.,Sometimes,1,"None of these, I prefer...","Thinning,Baldness/Alopecia,Too Little Volume",Balanced,Thin and bendable.,None at all,,Rarely,Fresh,South Asian,18-24,Bangladesh,Female,76011,Medium,Straight_Medium,9
11/10/2020 23:44,11/10/2020 23:48,IP Address,129.119.235.16,100,229,TRUE,11/10/2020 23:48,R_3Hk72B2MyQNKJBv,32.82659912,-96.7888031,anonymous,EN,Armpit length,1-2 hours,Some of my scalp.,Sometimes,3c,"Styling Cream,Oil","Frizz,Dandruff,Rough/Dry Hair",Dry,Thin and bendable.,None at all,,Rarely,Fresh,"White,Black or African American,American Indian or Alaska Native,Asian",18-24,,Female,92563,Medium,curly_Medium,1
11/11/2020 1:21,11/11/2020 1:24,IP Address,47.187.45.146,100,181,TRUE,11/11/2020 1:24,R_8qDg8vL0tuVt1y9,32.84890747,-96.96669769,anonymous,EN,,"A pretty long time, may be damp the whole day.",I have no problem seeing my scalp.,Sometimes,2b,Hair Spray,"Frizz,Oily Scalp",Oily,I can't feel the strand.,None at all,,Rarely,Fresh,Asian,18-24,Pakistan,Female,75062,High,wavy_High,3
11/11/2020 3:25,11/11/2020 3:32,IP Address,99.24.137.94,100,408,TRUE,11/11/2020 3:32,R_3NwyqthU7gSfyfH,32.72259521,-97.07849884,anonymous,EN,Mid-back or longer,"A pretty long time, may be damp the whole day.",Some of my scalp.,Sometimes,2b,"None of these, I prefer...","Frizz,Too Little Volume,Dry Scalp",Combination,I can't feel the strand.,None at all,,Rarely,Fresh,Arab or Middle Eastern,18-24,Palestine,Male,76006,High,wavy_High,3
11/11/2020 4:56,11/11/2020 4:59,IP Address,47.187.165.77,100,187,TRUE,11/11/2020 4:59,R_1Kdry2br8gLkhYD,33.03259277,-96.7858963,anonymous,EN,Armpit length,1-2 hours,I have no problem seeing my scalp.,Sometimes,3b,Styling Cream,"Thinning,Breakage,Dull hair strands",Oily,Thick and noticeable.,None at all,,,Floral,Arab or Middle Eastern,18-24,Palestine,Female,75093,Medium,curly_Medium,1
11/11/2020 6:24,11/11/2020 6:27,IP Address,129.119.235.19,100,188,TRUE,11/11/2020 6:27,R_3nP1LVlXG3Dk9jO,32.82659912,-96.7888031,anonymous,EN,Armpit length,1-2 hours,I have no problem seeing my scalp.,Weekly,,Oil,"Split Ends,Dry Scalp,Breakage,Rough/Dry Hair",Combination,Thick and noticeable.,None at all,Natural extensions,,Floral,Black or African American,18-24,Nigeria,Female,75032,Medium,curly_Medium,1
11/11/2020 6:31,11/11/2020 6:33,IP Address,47.149.142.125,100,150,TRUE,11/11/2020 6:33,R_24BkRZdUUPYYd7Y,33.84599304,-118.3455963,anonymous,EN,Shoulder length,"A pretty long time, may be damp the whole day.",Some of my scalp.,Weekly,2b,"Oil,Hair Spray","Hair Growth,Frizz,Dry Scalp,Dandruff,Oily Scalp,Rough/Dry Hair",Combination,Thick and noticeable.,None at all,,Rarely,Fresh,"Asian,South Asian",18-24,Viet Nam,Female,90504,High,wavy_High,3
11/11/2020 6:44,11/11/2020 7:09,IP Address,129.119.235.18,100,1523,TRUE,11/11/2020 7:09,R_reaLs1wyL4jeqNH,32.82659912,-96.7888031,anonymous,EN,Mid-back or longer,1-2 hours,Some of my scalp.,Weekly,4b,Styling Cream,"Hair Growth,Split Ends,Dry Scalp,Dandruff,Breakage",Balanced,Thick and noticeable.,Just a few hairs here and there,Synthetic extensions,Once or twice a year,Floral,Black or African American,18-24,,Female,75068,Medium,coils_Medium,7
11/11/2020 7:10,11/11/2020 7:14,IP Address,47.184.200.195,100,225,TRUE,11/11/2020 7:14,R_O6VNpUbqNK61tpn,32.94569397,-97.15470123,anonymous,EN,Mid-back or longer,1-2 hours,I have no problem seeing my scalp.,Sometimes,2b,Styling Cream,"Too Little Volume,Oily Scalp,Rough/Dry Hair",Combination,Thin and bendable.,Just a few hairs here and there,,Rarely,Floral,South Asian,18-24,India,Female,76002,Medium,wavy_Medium,4
11/11/2020 7:13,11/11/2020 7:16,IP Address,96.40.55.23,100,174,TRUE,11/11/2020 7:16,R_2SdxHNCMzMKLgeN,32.82659912,-96.7888031,anonymous,EN,Armpit length,"A pretty long time, may be damp the whole day.",Some of my scalp.,Rarely,2c,"None of these, I prefer...","Hair Growth,Thinning,Frizz,Split Ends,Breakage",Combination,Thin and bendable.,None at all,Keratin Treatment,Weekly,Fresh,White,18-24,,Female,97408,High,wavy_High,3
11/11/2020 7:22,11/11/2020 7:26,IP Address,129.119.235.24,100,213,TRUE,11/11/2020 7:26,R_2YEBvR7dKUxEoaf,32.82659912,-96.7888031,anonymous,EN,Armpit length,1-2 hours,I have no problem seeing my scalp.,Weekly,1,Mousse,"Hair Growth,Too Little Volume,Split Ends,Dry Scalp,Breakage",Combination,Thin and bendable.,None at all,,Rarely,Fresh,White,18-24,United States of America,Female,36532,Medium,Straight_Medium,9
11/11/2020 7:18,11/11/2020 7:26,IP Address,47.38.184.204,100,479,TRUE,11/11/2020 7:27,R_3kMIUq7tpWgzHNj,32.58169556,-97.13990021,anonymous,EN,Armpit length,"A pretty long time, may be damp the whole day.",I have no problem seeing my scalp.,Sometimes,4a,"Gel,Styling Cream,Custard","Hair Growth,Frizz,Breakage",Combination,,None at all,,Once or twice a year,Floral,"White,Black or African American",18-24,,Female,76140,High,coils_High,6
11/11/2020 7:35,11/11/2020 7:37,IP Address,129.119.235.15,100,132,TRUE,11/11/2020 7:37,R_10V1M3jlhXiHVdu,32.82659912,-96.7888031,anonymous,EN,Armpit length,1-2 hours,Some of my scalp.,Daily,3a,Mousse,"Frizz,Too Little Volume,Dry Scalp,Dandruff,Rough/Dry Hair",Combination,Thin and bendable.,None at all,,Rarely,Fresh,"White,South Asian",18-24,India,Female,52501,Medium,curly_Medium,1
11/11/2020 7:34,11/11/2020 7:45,IP Address,45.20.140.142,100,636,TRUE,11/11/2020 7:45,R_sMSFwfCzPZOixnH,33.1177063,-96.67910004,anonymous,EN,Armpit length,"A pretty long time, may be damp the whole day.",Some of my scalp.,Weekly,2b,"Styling Cream,Mousse","Frizz,Too Much Volume,Too Little Volume,Dandruff,Dull hair strands",Balanced,Thin and bendable.,None at all,,Every few months,Fresh,South Asian,18-24,Pakistan,Female,75025,High,wavy_High,3
11/11/2020 7:44,11/11/2020 7:50,IP Address,129.119.235.16,100,385,TRUE,11/11/2020 7:50,R_3PpBDpZMT71TRN3,32.82659912,-96.7888031,anonymous,EN,Shoulder length,1-2 hours,Some of my scalp.,Sometimes,2c,Custard,"Frizz,Too Little Volume,Dry Scalp",Combination,Thin and bendable.,None at all,,Rarely,Floral,"White,Other",18-24,United States of America,Female,78023,Medium,wavy_Medium,4
11/11/2020 7:45,11/11/2020 7:51,IP Address,70.117.30.18,100,323,TRUE,11/11/2020 7:51,R_3rN78x7tka5RLi5,32.61549377,-96.77600098,anonymous,EN,Armpit length,1-2 hours,I have no problem seeing my scalp.,Rarely,3a,"Styling Cream,Oil","Frizz,Too Little Volume,Oily Scalp",Balanced,Thin and bendable.,None at all,,Rarely,Fruity,Other,18-24,Mexico,Female,75134,Medium,curly_Medium,1
11/11/2020 7:46,11/11/2020 7:52,IP Address,73.206.118.169,100,352,TRUE,11/11/2020 7:52,R_3fJfKR8fjxyFN9Q,29.27929688,-94.834198,anonymous,EN,Above the ear or shoulder,1-2 hours,I have no problem seeing my scalp.,Rarely,2a,Styling Cream,"Thinning,Baldness/Alopecia,Split Ends",Balanced,Thin and bendable.,Just a few hairs here and there,,Rarely,Musk,Arab or Middle Eastern,18-24,Lebanon,Male,,Medium,wavy_Medium,4
11/11/2020 8:04,11/11/2020 8:07,IP Address,107.77.202.178,100,180,TRUE,11/11/2020 8:07,R_3EtDpdimT19zKnf,38.85740662,-77.09999847,anonymous,EN,Mid-back or longer,"A pretty long time, may be damp the whole day.",Very little of my scalp if any.,Sometimes,2c,"Styling Cream,Custard","Frizz,Split Ends,Breakage,Dull hair strands",Balanced,Thin and bendable.,None at all,,Rarely,Fresh,South Asian,18-24,India,Female,75022,High,wavy_High,3
11/11/2020 8:06,11/11/2020 8:09,IP Address,107.77.234.145,100,160,TRUE,11/11/2020 8:09,R_4UijwBoBTjM2XMl,33.86210632,-84.4197998,anonymous,EN,Shoulder length,"A pretty long time, may be damp the whole day.",Some of my scalp.,Sometimes,2b,Mousse,"Hair Growth,Too Little Volume,Breakage",Oily,Thick and noticeable.,None at all,"Chemical Straightening (Relaxer),Keratin Treatment",Weekly,Fresh,White,18-24,Germany,Female,75206,High,wavy_High,3
11/11/2020 8:09,11/11/2020 8:13,IP Address,129.119.235.14,100,267,TRUE,11/11/2020 8:13,R_20V7BB7KEeXdr7d,32.82659912,-96.7888031,anonymous,EN,Shoulder length,1-2 hours,I have no problem seeing my scalp.,Rarely,2a,Styling Cream,"Too Little Volume,Oily Scalp",Oily,Thin and bendable.,None at all,,Once or twice a year,Fresh,White,18-24,Germany,Female,,Medium,wavy_Medium,4
11/11/2020 8:21,11/11/2020 8:25,IP Address,99.149.242.104,100,251,TRUE,11/11/2020 8:25,R_2ffWOY3QKxXVsNc,34.11099243,-84.30249786,anonymous,EN,Above the ear or shoulder,Just a few minutes out of the shower,Some of my scalp.,Sometimes,2a,Oil,"Dandruff,Rough/Dry Hair",Balanced,Thin and bendable.,None at all,,Rarely,Fresh,Asian,18-24,,Male,30009,Low,wavy_Low,5
11/11/2020 8:23,11/11/2020 8:26,IP Address,129.119.235.4,100,179,TRUE,11/11/2020 8:26,R_2abIG81raWeVr2c,32.82659912,-96.7888031,anonymous,EN,Shoulder length,1-2 hours,I have no problem seeing my scalp.,Sometimes,2b,Oil,"Hair Growth,Thinning,Rough/Dry Hair",Oily,Thick and noticeable.,None at all,,Rarely,Floral,Asian,18-24,Pakistan,Female,75205,Medium,wavy_Medium,4
11/11/2020 8:32,11/11/2020 8:37,IP Address,129.119.235.10,100,311,TRUE,11/11/2020 8:37,R_6Aph1k2fn6LejxD,32.82659912,-96.7888031,anonymous,EN,Mid-back or longer,"A pretty long time, may be damp the whole day.",Some of my scalp.,Weekly,3c,"Styling Cream,Custard","Split Ends,Dry Scalp,Breakage",Dry,Thin and bendable.,Just a few hairs here and there,"Keratin Treatment,Synthetic extensions",Rarely,Fruity,Black or African American,18-24,United States of America,Female,71111,High,curly_High,0
11/11/2020 8:38,11/11/2020 8:43,IP Address,129.119.235.11,100,272,TRUE,11/11/2020 8:43,R_DHkRHhxF7qbqYnf,32.82659912,-96.7888031,anonymous,EN,Mid-back or longer,1-2 hours,I have no problem seeing my scalp.,Rarely,1,Oil,"Thinning,Frizz,Chemical and Heat Damage,Breakage,Rough/Dry Hair",Balanced,Thin and bendable.,None at all,,Once or twice a year,Fresh,White,18-Oct,,Female,77450,Medium,Straight_Medium,9
11/11/2020 8:52,11/11/2020 8:55,IP Address,68.54.102.11,100,126,TRUE,11/11/2020 8:55,R_31BjbrHmvSsGoCa,44.91740417,-92.94779968,anonymous,EN,Shoulder length,1-2 hours,Some of my scalp.,Rarely,3b,"Gel,Custard,Hair Spray","Too Little Volume,Breakage,Dull hair strands,Oily Scalp",Combination,Thin and bendable.,None at all,,Every few months,Floral,White,18-24,United Kingdom of Great Britain and Northern Ireland,Female,55125,Medium,curly_Medium,1
11/11/2020 8:57,11/11/2020 9:00,IP Address,129.119.235.28,100,156,TRUE,11/11/2020 9:00,R_3rGUtctUl8rdWNH,32.82659912,-96.7888031,anonymous,EN,Armpit length,1-2 hours,Very little of my scalp if any.,Daily,2b,Oil,"Frizz,Too Little Volume,Split Ends,Dull hair strands,Rough/Dry Hair",Combination,Thick and noticeable.,None at all,,Rarely,Fruity,South Asian,18-24,India,Female,,Medium,wavy_Medium,4
11/11/2020 9:03,11/11/2020 9:06,IP Address,129.119.235.28,100,193,TRUE,11/11/2020 9:06,R_1FE2VmSpYMdTatL,32.82659912,-96.7888031,anonymous,EN,Shoulder length,1-2 hours,Some of my scalp.,Daily,2c,"Styling Cream,Hair Spray","Frizz,Too Much Volume,Split Ends,Dandruff",Balanced,Thin and bendable.,None at all,,Every few months,Fruity,White,18-Oct,,Female,75035,Medium,wavy_Medium,4
11/11/2020 9:07,11/11/2020 9:11,IP Address,70.119.87.43,100,220,TRUE,11/11/2020 9:11,R_DB51NUiUozs7JLP,33.01480103,-96.61889648,anonymous,EN,,1-2 hours,Some of my scalp.,Weekly,3a,"Styling Cream,Mousse","Frizz,Split Ends",Balanced,Thin and bendable.,None at all,,Rarely,Floral,South Asian,18-24,Pakistan,Female,75094,Medium,curly_Medium,1
11/11/2020 9:33,11/11/2020 9:37,IP Address,70.241.151.93,100,293,TRUE,11/11/2020 9:37,R_3hGSG6ZDzWWaVBS,32.81790161,-96.63189697,anonymous,EN,Armpit length,"A pretty long time, may be damp the whole day.",Some of my scalp.,Sometimes,2c,"Styling Cream,Mousse","Frizz,Rough/Dry Hair",Dry,Thick and noticeable.,None at all,,Every few months,Floral,"White,Other",18-24,Mexico,Female,75228,High,wavy_High,3
11/11/2020 9:53,11/11/2020 9:55,IP Address,173.224.99.131,100,138,TRUE,11/11/2020 9:55,R_2dpeuu8LaeTsn4A,29.73880005,-95.8309021,anonymous,EN,Mid-back or longer,1-2 hours,Very little of my scalp if any.,Sometimes,2b,Oil,"Split Ends,Chemical and Heat Damage,Rough/Dry Hair",Balanced,Thick and noticeable.,None at all,Hair Rebonding,Every few months,Floral,Asian,18-24,,,,Medium,wavy_Medium,4
11/11/2020 9:51,11/11/2020 9:55,IP Address,129.119.235.5,100,267,TRUE,11/11/2020 9:55,R_2CVwrALnhx6wEgi,32.82659912,-96.7888031,anonymous,EN,Shoulder length,"A pretty long time, may be damp the whole day.",Some of my scalp.,Daily,2c,Oil,"Frizz,Too Much Volume,Dandruff,Chemical and Heat Damage,Dull hair strands",Dry,Thin and bendable.,None at all,,Every few months,Musk,South Asian,18-24,Pakistan,Female,75044,High,wavy_High,3
11/11/2020 9:58,11/11/2020 10:01,IP Address,129.119.235.12,100,165,TRUE,11/11/2020 10:01,R_cMEALyFliszbv6F,32.82659912,-96.7888031,anonymous,EN,,"A pretty long time, may be damp the whole day.",I have no problem seeing my scalp.,Rarely,4c,"Custard,Oil","Hair Growth,Too Little Volume,Dry Scalp,Rough/Dry Hair",Combination,Thick and noticeable.,None at all,Natural extensions,Rarely,Unscented,Black or African American,18-24,,Female,75205,High,coils_High,6
11/11/2020 10:13,11/11/2020 10:21,IP Address,99.44.99.174,100,457,TRUE,11/11/2020 10:21,R_3rSwrA2mGCBOFU7,32.78889465,-96.80210114,anonymous,EN,Armpit length,"A pretty long time, may be damp the whole day.",Some of my scalp.,Daily,3c,"Mousse,Custard,Oil","Frizz,Split Ends,Dry Scalp,Dandruff,Chemical and Heat Damage,Breakage",Balanced,Thin and bendable.,None at all,"Chemical Straightening (Relaxer),Natural extensions",Weekly,Floral,Black or African American,18-24,United States of America,Female,75219,High,curly_High,0
11/11/2020 10:39,11/11/2020 10:42,IP Address,76.187.83.157,100,187,TRUE,11/11/2020 10:42,R_SIsTrpHQSDh1v1f,33.1493988,-96.82800293,anonymous,EN,Armpit length,1-2 hours,Some of my scalp.,Weekly,3b,"Gel,Styling Cream","Frizz,Dry Scalp,Dandruff,Oily Scalp,Rough/Dry Hair",Oily,Thick and noticeable.,None at all,,Rarely,Floral,Asian,18-24,India,Female,75034,Medium,curly_Medium,1
11/11/2020 11:22,11/11/2020 11:26,IP Address,129.119.235.29,100,210,TRUE,11/11/2020 11:26,R_2THQPnJIMnlSY8b,32.82659912,-96.7888031,anonymous,EN,Mid-back or longer,1-2 hours,I have no problem seeing my scalp.,Sometimes,3c,"Styling Cream,Hair Spray","Hair Growth,Thinning,Frizz,Too Little Volume,Dandruff",Combination,Thick and noticeable.,None at all,,Once or twice a year,Floral,Arab or Middle Eastern,18-24,Lebanon,Female,75002,Medium,curly_Medium,1
11/11/2020 11:38,11/11/2020 11:42,IP Address,107.77.200.11,100,196,TRUE,11/11/2020 11:42,R_1dhNzHt5utHiyDw,32.77870178,-96.82170105,anonymous,EN,Mid-back or longer,1-2 hours,Some of my scalp.,Weekly,2b,Styling Cream,"Frizz,Split Ends,Dry Scalp,Dandruff,Oily Scalp",Combination,Thick and noticeable.,None at all,,Once or twice a year,Fresh,White,18-24,United States of America,Female,70507,Medium,wavy_Medium,4
11/11/2020 9:44,11/11/2020 12:01,IP Address,129.119.235.25,100,8239,TRUE,11/11/2020 12:01,R_2PcxwRsJpfUMXQS,32.82659912,-96.7888031,anonymous,EN,Armpit length,1-2 hours,I have no problem seeing my scalp.,Rarely,3a,"None of these, I prefer...","Frizz,Oily Scalp",Oily,I can't feel the strand.,None at all,,Once or twice a year,Fresh,White,18-24,United States of America,Female,,Medium,curly_Medium,1
11/11/2020 12:27,11/11/2020 12:30,IP Address,129.119.235.16,100,163,TRUE,11/11/2020 12:30,R_215uaozz4xPyOSK,32.82659912,-96.7888031,anonymous,EN,Armpit length,1-2 hours,Some of my scalp.,Sometimes,2c,Gel,"Frizz,Split Ends,Chemical and Heat Damage",Oily,I can't feel the strand.,None at all,,Once or twice a year,Unscented,White,18-24,,Female,,Medium,wavy_Medium,4
11/11/2020 13:48,11/11/2020 13:50,IP Address,107.77.196.130,100,170,TRUE,11/11/2020 13:50,R_24MEaUUGket1de2,32.87930298,-96.63749695,anonymous,EN,Armpit length,1-2 hours,Some of my scalp.,Rarely,3a,Hair Spray,"Frizz,Split Ends,Rough/Dry Hair",Oily,Thin and bendable.,None at all,,Rarely,Fresh,White,18-24,United States of America,Female,39211,Medium,curly_Medium,1
11/11/2020 13:53,11/11/2020 13:59,IP Address,31.185.153.165,100,393,TRUE,11/11/2020 13:59,R_3en5dSitKZF8jJz,51.64489746,-0.042999268,anonymous,EN,Chin length,"A pretty long time, may be damp the whole day.",Very little of my scalp if any.,Sometimes,4c,"Gel,Oil","Frizz,Dry Scalp,Dandruff,Chemical and Heat Damage",Balanced,Thick and noticeable.,None at all,,Every few months,Floral,Black or African American,35-44,,Female,,High,coils_High,6
11/11/2020 13:56,11/11/2020 14:03,IP Address,190.107.251.13,100,429,TRUE,11/11/2020 14:03,R_WlhcDDsGaGH96Mh,12.21290588,-68.29440308,anonymous,EN,Shoulder length,1-2 hours,I have no problem seeing my scalp.,Rarely,4b,"Gel,Styling Cream,Custard,Hair Wax/Pomade,Oil","Frizz,Too Much Volume,Split Ends,Dry Scalp,Rough/Dry Hair",Dry,Thin and bendable.,None at all,,Rarely,Fruity,Black or African American,18-24,,Female,0,Medium,coils_Medium,7
11/11/2020 15:02,11/11/2020 15:05,IP Address,73.191.1.141,100,220,TRUE,11/11/2020 15:05,R_1esBRpU1splBwc5,38.35229492,-75.53859711,anonymous,EN,Armpit length,"A pretty long time, may be damp the whole day.",Very little of my scalp if any.,Sometimes,4b,"Styling Cream,Oil","Split Ends,Breakage,Dull hair strands,Rough/Dry Hair",Balanced,Thick and noticeable.,None at all,,Once or twice a year,Fruity,Black or African American,25-34,United States of America,Female,21875,High,coils_High,6
11/11/2020 15:15,11/11/2020 15:18,IP Address,192.136.219.116,100,173,TRUE,11/11/2020 15:18,R_1CJFrNcmUF1jI1X,32.65870667,-97.16169739,anonymous,EN,Armpit length,"A pretty long time, may be damp the whole day.",Some of my scalp.,Rarely,2c,"Custard,Oil","Frizz,Chemical and Heat Damage,Breakage",Combination,Thick and noticeable.,Just a few hairs here and there,Keratin Treatment,Rarely,Fruity,Arab or Middle Eastern,25-34,Palestine,Female,76002,High,wavy_High,3
11/11/2020 15:31,11/11/2020 15:36,IP Address,129.119.235.24,100,292,TRUE,11/11/2020 15:36,R_TvhQqUDFHfw9997,32.82659912,-96.7888031,anonymous,EN,Armpit length,"A pretty long time, may be damp the whole day.",Very little of my scalp if any.,Rarely,4c,"None of these, I prefer...","Dull hair strands,Rough/Dry Hair",Dry,Thick and noticeable.,None at all,Synthetic extensions,Once or twice a year,Spice,Black or African American,18-24,Nigeria,Female,75068,High,coils_High,6
11/11/2020 15:36,11/11/2020 15:38,IP Address,47.187.227.44,100,135,TRUE,11/11/2020 15:38,R_1MWGNH0dJq7Mh0f,32.93460083,-96.55439758,anonymous,EN,Shoulder length,1-2 hours,Very little of my scalp if any.,Rarely,3b,"Gel,Styling Cream","Hair Growth,Frizz,Split Ends,Breakage,Rough/Dry Hair",Dry,Thin and bendable.,None at all,,Once or twice a year,Fruity,"White,Other",18-24,United States of America,Female,75089,Medium,curly_Medium,1
11/11/2020 15:36,11/11/2020 15:43,IP Address,68.99.198.182,100,435,TRUE,11/11/2020 15:43,R_3MMeG2GCX5D8Xki,33.46560669,-111.9955978,anonymous,EN,Above the ear or shoulder,1-2 hours,Some of my scalp.,Weekly,4c,"Oil,Hair Spray,None of these, I prefer...","Split Ends,Dry Scalp,Dandruff",Dry,Thin and bendable.,Just a few hairs here and there,,Rarely,Unscented,Black or African American,45-54,Zimbabwe,Female,85013,Medium,coils_Medium,7
11/11/2020 15:43,11/11/2020 15:48,IP Address,68.99.198.182,100,313,TRUE,11/11/2020 15:48,R_1Q4uwmi4t1h285s,33.46560669,-111.9955978,anonymous,EN,Armpit length,"A pretty long time, may be damp the whole day.",I have no problem seeing my scalp.,Rarely,4a,"Gel,Styling Cream,Oil,Hair Spray,None of these, I prefer...","Frizz,Split Ends,Rough/Dry Hair",Balanced,Thin and bendable.,None at all,,Rarely,Unscented,Black or African American,Under 10,Zimbabwe,Female,85013,High,coils_High,6
11/11/2020 15:39,11/11/2020 15:49,IP Address,76.187.99.250,100,606,TRUE,11/11/2020 15:49,R_AcEfcnBG23yBII1,32.80079651,-96.78839874,anonymous,EN,Mid-back or longer,"A pretty long time, may be damp the whole day.",Some of my scalp.,Daily,2a,Oil,"Frizz,Split Ends,Dry Scalp,Dandruff,Oily Scalp",Combination,Thin and bendable.,Just a few hairs here and there,,Once or twice a year,Floral,Asian,18-24,India,Female,75007,High,wavy_High,3
11/11/2020 15:49,11/11/2020 15:52,IP Address,68.99.198.182,100,175,TRUE,11/11/2020 15:52,R_3fkMSkZMr6lTIm6,33.46560669,-111.9955978,anonymous,EN,Above the ear or shoulder,1-2 hours,I have no problem seeing my scalp.,Rarely,3b,"Gel,Styling Cream,Oil,Hair Spray,None of these, I prefer...",Frizz,Balanced,Thin and bendable.,None at all,,Rarely,Unscented,Black or African American,Under 10,Zimbabwe,Male,85013,Medium,curly_Medium,1
11/11/2020 16:18,11/11/2020 16:22,IP Address,72.181.141.103,100,203,TRUE,11/11/2020 16:22,R_4UwM8phMvilfPSV,32.83099365,-96.76920319,anonymous,EN,Armpit length,1-2 hours,Very little of my scalp if any.,Rarely,2a,Oil,"Thinning,Too Little Volume,Chemical and Heat Damage,Breakage,Oily Scalp",Combination,Thin and bendable.,None at all,,Monthly,Floral,White,18-24,United States of America,Female,75219,Medium,wavy_Medium,4
11/11/2020 16:21,11/11/2020 16:29,IP Address,47.17.159.182,100,462,TRUE,11/11/2020 16:29,R_1lfRntAXF9aWPSN,40.83120728,-73.90670013,anonymous,EN,Mid-back or longer,1-2 hours,I have no problem seeing my scalp.,Sometimes,4a,"Custard,Hair Wax/Pomade","Split Ends,Breakage",Balanced,Thin and bendable.,None at all,,Rarely,Fresh,Black or African American,25-34,Guinea,Female,10461,Medium,coils_Medium,7
11/11/2020 16:43,11/11/2020 16:46,IP Address,76.85.99.107,100,191,TRUE,11/11/2020 16:46,R_1Cdy22zNjGKSUr0,32.92599487,-96.96659851,anonymous,EN,Mid-back or longer,"A pretty long time, may be damp the whole day.",Very little of my scalp if any.,Sometimes,2c,Oil,"Frizz,Rough/Dry Hair",Balanced,Thick and noticeable.,None at all,,Rarely,Unscented,"Arab or Middle Eastern,South Asian",18-24,,Female,,High,wavy_High,3
11/11/2020 17:04,11/11/2020 17:07,IP Address,172.56.11.26,100,208,TRUE,11/11/2020 17:07,R_3NV39IdHoIfsKV4,42.3914032,-83.14929962,anonymous,EN,,"A pretty long time, may be damp the whole day.",Some of my scalp.,Rarely,4a,"Gel,Styling Cream,Custard,Oil","Frizz,Split Ends,Breakage,Dull hair strands,Rough/Dry Hair",Balanced,Thick and noticeable.,None at all,,Rarely,Fruity,Black or African American,25-34,,Female,43227,High,coils_High,6
11/11/2020 17:42,11/11/2020 17:44,IP Address,24.74.23.50,100,170,TRUE,11/11/2020 17:44,R_2TXEE0cGCBXvkpM,35.24969482,-81.13690186,anonymous,EN,Shoulder length,1-2 hours,I have no problem seeing my scalp.,Rarely,4b,Styling Cream,"Hair Growth,Split Ends",Balanced,Thin and bendable.,Just a few hairs here and there,,Monthly,Fruity,Black or African American,25-34,United States of America,Female,,Medium,coils_Medium,7
11/11/2020 19:21,11/11/2020 19:24,IP Address,172.58.70.178,100,184,TRUE,11/11/2020 19:24,R_qLwc295h6kq2wN3,35.46620178,-97.51679993,anonymous,EN,Mid-back or longer,1-2 hours,I have no problem seeing my scalp.,Daily,3a,"Gel,Styling Cream,Oil,Hair Spray","Frizz,Split Ends,Dry Scalp,Dandruff,Rough/Dry Hair",Combination,Thick and noticeable.,Just a few hairs here and there,Keratin Treatment,Once or twice a year,Fresh,South Asian,18-24,India,Female,75206,Medium,curly_Medium,1
11/11/2020 21:08,11/11/2020 21:12,IP Address,107.77.201.225,100,270,TRUE,11/11/2020 21:12,R_2zec2t9vuBG7QWU,32.74899292,-96.46289825,anonymous,EN,Shoulder length,"A pretty long time, may be damp the whole day.",Some of my scalp.,Rarely,3c,"Gel,Styling Cream,Oil","Hair Growth,Frizz,Too Little Volume,Dry Scalp",Dry,Thick and noticeable.,None at all,,Rarely,Fresh,Other,18-24,Brazil,Female,75051,High,curly_High,0
11/12/2020 6:06,11/12/2020 6:09,IP Address,75.16.177.151,100,211,TRUE,11/12/2020 6:09,R_xsEBQv4mFa8GioF,32.86459351,-96.78839874,anonymous,EN,Shoulder length,1-2 hours,Some of my scalp.,Rarely,3c,Styling Cream,"Hair Growth,Thinning,Too Little Volume,Breakage,Rough/Dry Hair",Balanced,Thick and noticeable.,None at all,,Rarely,Fresh,Black or African American,18-24,Ethiopia,Female,,Medium,curly_Medium,1
11/12/2020 9:25,11/12/2020 9:27,IP Address,70.112.182.190,100,118,TRUE,11/12/2020 9:27,R_1Lv6SzPmE2sZtVr,30.34710693,-97.76490021,anonymous,EN,Shoulder length,1-2 hours,Very little of my scalp if any.,Rarely,2b,Hair Wax/Pomade,"Frizz,Too Much Volume,Split Ends,Rough/Dry Hair",Balanced,Thick and noticeable.,None at all,,Rarely,Floral,White,18-24,South Africa,Male,78705,Medium,wavy_Medium,4
11/12/2020 11:55,11/12/2020 12:00,IP Address,107.206.242.19,100,301,TRUE,11/12/2020 12:00,R_1KjwJClwGkOJeBU,34.00340271,-84.46050262,anonymous,EN,Shoulder length,"A pretty long time, may be damp the whole day.",Some of my scalp.,Sometimes,4a,"Styling Cream,Hair Spray","Hair Growth,Split Ends,Dry Scalp,Dandruff,Chemical and Heat Damage",Dry,Thick and noticeable.,None at all,,Once or twice a year,Floral,Black or African American,18-24,Ethiopia,Female,30062,High,coils_High,6
11/12/2020 12:05,11/12/2020 12:08,IP Address,107.72.178.5,100,203,TRUE,11/12/2020 12:08,R_u9xL2ucMjir315v,25.81530762,-80.35769653,anonymous,EN,,"A pretty long time, may be damp the whole day.",I have no problem seeing my scalp.,Rarely,4b,"Gel,Styling Cream,Oil","Frizz,Too Little Volume,Rough/Dry Hair",Combination,Thick and noticeable.,None at all,Natural extensions,Rarely,Fruity,Black or African American,25-34,Bahamas,Female,33024,High,coils_High,6
11/12/2020 15:16,11/12/2020 15:18,IP Address,107.77.199.73,100,112,TRUE,11/12/2020 15:18,R_4Z6FgOkVwSibmiR,32.97200012,-96.79139709,anonymous,EN,,1-2 hours,Very little of my scalp if any.,Weekly,2c,"Gel,Oil","Frizz,Too Much Volume,Dry Scalp,Dandruff,Rough/Dry Hair",Combination,Thick and noticeable.,None at all,,Rarely,Floral,South Asian,18-24,Pakistan,Female,75035,Medium,wavy_Medium,4
11/12/2020 17:30,11/12/2020 17:32,IP Address,129.119.235.4,100,131,TRUE,11/12/2020 17:32,R_2ffhFsv40qNm0v0,32.82659912,-96.7888031,anonymous,EN,Shoulder length,1-2 hours,I have no problem seeing my scalp.,Rarely,2a,Hair Spray,"Hair Growth,Split Ends,Breakage",Oily,I can't feel the strand.,None at all,,Every few months,Fresh,White,18-24,,Female,30319,Medium,wavy_Medium,4
11/12/2020 17:51,11/12/2020 17:54,IP Address,172.56.7.117,100,171,TRUE,11/12/2020 17:54,R_3q2bpjnuWG1GIQF,30.23039246,-97.72429657,anonymous,EN,Above the ear or shoulder,Just a few minutes out of the shower,I have no problem seeing my scalp.,Sometimes,2b,"None of these, I prefer...","Hair Growth,Thinning,Baldness/Alopecia,Frizz,Breakage",Combination,Thin and bendable.,None at all,,Rarely,Unscented,South Asian,18-24,India,Male,,Low,wavy_Low,5
11/13/2020 9:33,11/13/2020 9:39,IP Address,129.119.235.4,100,350,TRUE,11/13/2020 9:39,R_2CIgcGc4efAeoIP,32.82659912,-96.7888031,anonymous,EN,Armpit length,1-2 hours,Some of my scalp.,Rarely,2b,"Mousse,Hair Spray,None of these, I prefer...","Frizz,Oily Scalp",Oily,Thin and bendable.,None at all,,Rarely,Fresh,White,18-24,United States of America,Female,92024,Medium,wavy_Medium,4
11/13/2020 10:13,11/13/2020 10:15,IP Address,129.119.235.19,100,119,TRUE,11/13/2020 10:15,R_2PgHArU8pGfQVYw,32.82659912,-96.7888031,anonymous,EN,Armpit length,"A pretty long time, may be damp the whole day.",Some of my scalp.,Rarely,2b,"Gel,Styling Cream,Mousse","Frizz,Too Much Volume,Dull hair strands,Rough/Dry Hair",Balanced,Thick and noticeable.,None at all,,Every few months,Fresh,"White,Other",18-24,United States of America,Female,75093,High,wavy_High,3
11/13/2020 10:48,11/13/2020 10:51,IP Address,172.58.70.176,100,186,TRUE,11/13/2020 10:51,R_3OePVdGzDppFYwD,35.46620178,-97.51679993,anonymous,EN,Shoulder length,Just a few minutes out of the shower,Some of my scalp.,Sometimes,2c,"Styling Cream,Oil,Hair Spray","Hair Growth,Frizz,Too Little Volume,Split Ends,Dandruff,Chemical and Heat Damage,Breakage,Oily Scalp",Oily,Thin and bendable.,None at all,,Every few months,Floral,White,25-34,Albania,Female,75081,Low,wavy_Low,5
11/14/2020 2:39,11/14/2020 2:45,IP Address,47.185.207.186,100,383,TRUE,11/14/2020 2:45,R_2EyqwotWce0Pidg,33.02870178,-96.68260193,anonymous,EN,Armpit length,"A pretty long time, may be damp the whole day.",Some of my scalp.,Sometimes,3c,"Styling Cream,Custard,Oil","Frizz,Rough/Dry Hair",Balanced,Thick and noticeable.,None at all,,Once or twice a year,Fruity,Black or African American,18-24,Kenya,Female,,High,curly_High,0
11/15/2020 21:47,11/15/2020 21:50,IP Address,107.204.151.184,100,153,TRUE,11/15/2020 21:50,R_21sMMzSRdZ7pq9Y,32.7539978,-97.13629913,anonymous,EN,Armpit length,"A pretty long time, may be damp the whole day.",I have no problem seeing my scalp.,Rarely,3b,"Styling Cream,Mousse,Custard,Oil","Hair Growth,Frizz,Too Much Volume,Rough/Dry Hair",Combination,Thin and bendable.,None at all,,Once or twice a year,Fruity,Black or African American,18-24,United States of America,Female,75040,High,curly_High,0
11/16/2020 7:24,11/16/2020 7:30,IP Address,78.190.229.244,100,345,TRUE,11/16/2020 7:30,R_1IMpGRR3YVMaKSF,39.98060608,26.2368927,anonymous,EN,Shoulder length,1-2 hours,Some of my scalp.,Daily,2c,"Styling Cream,Oil","Thinning,Baldness/Alopecia,Dandruff,Breakage,Oily Scalp",Oily,Thin and bendable.,None at all,Keratin Treatment,Every few months,Fresh,White,18-24,Turkey,Female,17000,Medium,wavy_Medium,4
11/16/2020 9:39,11/16/2020 9:45,IP Address,47.186.77.50,100,383,TRUE,11/16/2020 9:45,R_1nPnLNDVne7b8n6,33.00320435,-96.54340363,anonymous,EN,Armpit length,1-2 hours,Some of my scalp.,Daily,2c,"Styling Cream,Mousse","Frizz,Split Ends,Dry Scalp,Dandruff,Chemical and Heat Damage",Oily,Thin and bendable.,None at all,,Weekly,Unscented,"White,Other",18-24,Mexico,Female,75098,Medium,wavy_Medium,4
11/16/2020 18:57,11/16/2020 19:01,IP Address,76.184.210.163,100,236,TRUE,11/16/2020 19:01,R_QhrHjsTsLGKKugF,33.19760132,-96.61779785,anonymous,EN,Shoulder length,"A pretty long time, may be damp the whole day.",Some of my scalp.,Weekly,4a,"Gel,Styling Cream,Hair Wax/Pomade,Oil","Hair Growth,Frizz,Split Ends,Dry Scalp,Breakage",Combination,Thin and bendable.,None at all,,Rarely,Fresh,Black or African American,18-24,United States of America,Female,,High,coils_High,6
11/17/2020 3:16,11/17/2020 3:20,IP Address,123.208.175.161,100,239,TRUE,11/17/2020 3:20,R_33g3AIQeephlVUc,-37.7684021,144.9512939,anonymous,EN,Mid-back or longer,1-2 hours,Some of my scalp.,Rarely,2c,Oil,"Thinning,Frizz,Split Ends,Breakage,Dull hair strands",Balanced,I can't feel the strand.,None at all,,Rarely,Floral,"White,Arab or Middle Eastern",35-44,Egypt,Female,,Medium,wavy_Medium,4
11/17/2020 11:06,11/17/2020 11:09,IP Address,129.119.235.3,100,201,TRUE,11/17/2020 11:09,R_2CDuJousXv3uEUp,32.82659912,-96.7888031,anonymous,EN,Armpit length,1-2 hours,I have no problem seeing my scalp.,Rarely,2b,Mousse,"Hair Growth,Split Ends,Breakage,Oily Scalp,Rough/Dry Hair",Oily,Thin and bendable.,None at all,,Once or twice a year,Fresh,White,18-24,United Kingdom of Great Britain and Northern Ireland,Female,75022,Medium,wavy_Medium,4
11/17/2020 20:33,11/17/2020 20:37,IP Address,172.58.110.222,100,232,TRUE,11/17/2020 20:37,R_1Ia49HYoQBTNmmq,32.78359985,-96.86740112,anonymous,EN,Mid-back or longer,"A pretty long time, may be damp the whole day.",Very little of my scalp if any.,Weekly,4a,"Styling Cream,Custard,None of these, I prefer...","Hair Growth,Frizz,Too Little Volume,Dry Scalp,Dandruff",Balanced,I can't feel the strand.,Just a few hairs here and there,,Once or twice a year,Fresh,South Asian,18-24,Pakistan,Female,75038,High,coils_High,6
11/18/2020 10:52,11/18/2020 10:57,IP Address,76.233.67.152,100,249,TRUE,11/18/2020 10:57,R_2P5cWJ5CmHNnVlE,32.82090759,-97.17649841,anonymous,EN,Mid-back or longer,"A pretty long time, may be damp the whole day.",Very little of my scalp if any.,Weekly,3a,"Styling Cream,Oil","Frizz,Dandruff,Rough/Dry Hair",Combination,Thick and noticeable.,None at all,,Once or twice a year,Spice,Arab or Middle Eastern,25-34,Palestine,Female,76016,High,curly_High,0
11/18/2020 13:58,11/18/2020 14:01,IP Address,47.187.206.175,100,165,TRUE,11/18/2020 14:01,R_2YJjKwCyyxGaFS1,33.0809021,-96.72409821,anonymous,EN,Armpit length,"A pretty long time, may be damp the whole day.",Some of my scalp.,Daily,4b,"Gel,Styling Cream,Custard,Oil","Split Ends,Dry Scalp,Dandruff,Breakage,Rough/Dry Hair",Dry,Thick and noticeable.,None at all,,Every few months,Fresh,Black or African American,18-24,"Congo, Republic of the...",Female,75025,High,coils_High,6
11/18/2020 17:12,11/18/2020 17:20,IP Address,76.251.32.203,100,452,TRUE,11/18/2020 17:20,R_32QooHUNrJDAxeS,32.98800659,-96.68840027,anonymous,EN,Mid-back or longer,"A pretty long time, may be damp the whole day.",I have no problem seeing my scalp.,Rarely,3c,"Styling Cream,Oil,Hair Spray","Thinning,Frizz,Split Ends,Breakage,Rough/Dry Hair",Combination,Thin and bendable.,None at all,,Rarely,Floral,Arab or Middle Eastern,18-24,Yemen,Female,75081,High,curly_High,0
11/19/2020 9:54,11/19/2020 10:02,IP Address,51.39.20.141,100,463,TRUE,11/19/2020 10:02,R_1K15jadktCMThPI,24.65370178,46.7151947,anonymous,EN,Above the ear or shoulder,Just a few minutes out of the shower,Very little of my scalp if any.,Rarely,2b,"None of these, I prefer...",Hair Growth,Dry,Thick and noticeable.,None at all,,Every few months,Musk,Arab or Middle Eastern,25-34,Saudi Arabia,Male,75206,Low,wavy_Low,5
11/19/2020 13:12,11/19/2020 13:15,IP Address,70.114.105.17,100,181,TRUE,11/19/2020 13:15,R_3Lba9qabXGFwMSt,33.09280396,-96.645401,anonymous,EN,Armpit length,"A pretty long time, may be damp the whole day.",Very little of my scalp if any.,Rarely,3b,"Gel,Styling Cream,Mousse,Oil","Too Little Volume,Dry Scalp",Dry,Thin and bendable.,Just a few hairs here and there,,Rarely,Fresh,Arab or Middle Eastern,25-34,Egypt,Female,75013,High,curly_High,0
11/19/2020 14:17,11/19/2020 14:22,IP Address,72.181.220.230,100,270,TRUE,11/19/2020 14:22,R_snHMd55PuoGfog9,32.82310486,-96.96679688,anonymous,EN,Mid-back or longer,1-2 hours,Some of my scalp.,Daily,2a,Oil,"Thinning,Too Little Volume,Dandruff",Balanced,Thin and bendable.,Just a few hairs here and there,,Once or twice a year,Fresh,South Asian,18-24,India,Female,,Medium,wavy_Medium,4
11/19/2020 15:30,11/19/2020 15:34,IP Address,70.119.236.13,100,236,TRUE,11/19/2020 15:34,R_2XdLyFhIkWnojx1,32.9992981,-96.83460236,anonymous,EN,Armpit length,"A pretty long time, may be damp the whole day.",Some of my scalp.,Rarely,3a,"Gel,Styling Cream,Mousse,Oil","Hair Growth,Thinning,Frizz,Split Ends,Chemical and Heat Damage",Balanced,Thin and bendable.,None at all,,Every few months,Fresh,South Asian,18-24,India,Female,75039,High,curly_High,0
11/19/2020 17:00,11/19/2020 17:04,IP Address,50.90.168.187,100,230,TRUE,11/19/2020 17:04,R_3QK5DDcm988SO4c,39.78599548,-86.1588974,anonymous,EN,Shoulder length,1-2 hours,Very little of my scalp if any.,Rarely,3b,"Styling Cream,Oil","Frizz,Too Much Volume",Balanced,Thick and noticeable.,None at all,,Once or twice a year,Floral,Arab or Middle Eastern,25-34,Egypt,Female,46204,Medium,curly_Medium,1
11/19/2020 19:13,11/19/2020 19:17,IP Address,173.67.8.101,100,238,TRUE,11/19/2020 19:17,R_1CdqmUi7eZXXWFo,39.28120422,-76.74060059,anonymous,EN,Above the ear or shoulder,Just a few minutes out of the shower,I have no problem seeing my scalp.,Rarely,2c,Hair Wax/Pomade,Dry Scalp,Balanced,Thick and noticeable.,Just a few hairs here and there,,Rarely,Fruity,Arab or Middle Eastern,45-54,,Male,21043,Low,wavy_Low,5
11/19/2020 20:41,11/19/2020 21:01,IP Address,76.164.85.129,100,1232,TRUE,11/19/2020 21:01,R_Wk5ius2a7b3tR85,30.35870361,-95.68569946,anonymous,EN,Mid-back or longer,"A pretty long time, may be damp the whole day.",Very little of my scalp if any.,Sometimes,4c,"Styling Cream,Custard,Oil","Split Ends,Dry Scalp,Breakage,Pregnancy Related Thinning",Balanced,Thick and noticeable.,Just a few hairs here and there,,Once or twice a year,Floral,Black or African American,25-34,United States of America,Female,77304,High,coils_High,6
11/19/2020 22:12,11/19/2020 22:16,IP Address,99.100.222.76,100,258,TRUE,11/19/2020 22:16,R_3nNJeEafGNJywmC,32.58169556,-97.13990021,anonymous,EN,Mid-back or longer,1-2 hours,Some of my scalp.,Rarely,3a,"Gel,Oil","Thinning,Too Little Volume,Rough/Dry Hair",Oily,Thin and bendable.,Just a few hairs here and there,,Weekly,Floral,South Asian,18-24,Pakistan,Female,76063,Medium,curly_Medium,1
11/19/2020 23:40,11/19/2020 23:44,IP Address,99.155.67.59,100,211,TRUE,11/19/2020 23:44,R_2YPugJA4udmzg8F,32.86839294,-96.93840027,anonymous,EN,Armpit length,1-2 hours,Some of my scalp.,Weekly,3b,Styling Cream,"Thinning,Frizz,Split Ends,Dandruff,Breakage",Combination,Thick and noticeable.,None at all,,Rarely,Floral,South Asian,18-24,India,Female,75063,Medium,curly_Medium,1
11/20/2020 6:33,11/20/2020 6:42,IP Address,76.201.4.43,100,491,TRUE,11/20/2020 6:42,R_1qh43rUrHvgoLo3,32.78889465,-96.80210114,anonymous,EN,Armpit length,1-2 hours,I have no problem seeing my scalp.,Sometimes,4a,Styling Cream,"Hair Growth,Thinning,Frizz,Breakage,Rough/Dry Hair",Balanced,I can't feel the strand.,Just a few hairs here and there,,Rarely,Fruity,Arab or Middle Eastern,25-34,Egypt,Female,75207,Medium,coils_Medium,7
11/20/2020 9:30,11/20/2020 9:36,IP Address,66.91.106.159,100,372,TRUE,11/20/2020 9:36,R_3kcgV0fAbZzM3n3,20.91740417,-156.6772003,anonymous,EN,Chin length,1-2 hours,Some of my scalp.,Rarely,3c,"Styling Cream,Oil,None of these, I prefer...","Hair Growth,Thinning,Frizz,Chemical and Heat Damage,Anti Aging",Dry,Thin and bendable.,About half of my hair,"Keratin Treatment,Natural extensions,Hair Rebonding",Monthly,Floral,White,45-54,United Kingdom of Great Britain and Northern Ireland,Female,96761,Medium,curly_Medium,1
11/20/2020 10:59,11/20/2020 11:02,IP Address,67.166.25.71,100,200,TRUE,11/20/2020 11:02,R_3PML0XA66fVuQmd,40.05000305,-105.2170029,anonymous,EN,,1-2 hours,Some of my scalp.,Rarely,3a,Styling Cream,"Frizz,Dry Scalp,Rough/Dry Hair",Dry,Thin and bendable.,None at all,,Once or twice a year,Fruity,White,18-24,United Kingdom of Great Britain and Northern Ireland,Female,,Medium,curly_Medium,1
11/20/2020 14:41,11/20/2020 14:47,IP Address,70.120.133.236,100,355,TRUE,11/20/2020 14:47,R_1GDIfcLCyIxPOMK,32.92599487,-96.96659851,anonymous,EN,Shoulder length,1-2 hours,Very little of my scalp if any.,Rarely,4a,Styling Cream,Dull hair strands,Balanced,I can't feel the strand.,Most of my hair,,Every few months,Fresh,Other,55-64,United States of America,Female,75243,Medium,coils_Medium,7
11/20/2020 22:27,11/20/2020 22:30,IP Address,108.88.115.8,100,209,TRUE,11/20/2020 22:30,R_2zbV77vqUBnD4V3,33.54060364,-101.8603973,anonymous,EN,,1-2 hours,Some of my scalp.,Sometimes,3b,"Styling Cream,Custard,Oil","Hair Growth,Split Ends,Chemical and Heat Damage,Breakage,Dull hair strands,Rough/Dry Hair",Combination,Thick and noticeable.,None at all,,Rarely,Fruity,"White,Black or African American",18-24,United States of America,Female,75019,Medium,curly_Medium,1
11/22/2020 18:20,11/22/2020 18:26,IP Address,76.184.102.136,100,359,TRUE,11/22/2020 18:26,R_1FRjacQXVyb1wd6,32.96359253,-96.74680328,anonymous,EN,Mid-back or longer,"A pretty long time, may be damp the whole day.",Very little of my scalp if any.,Sometimes,3a,"Styling Cream,Mousse,Oil","Frizz,Too Little Volume,Split Ends,Dry Scalp,Dandruff",Combination,Thick and noticeable.,None at all,,Every few months,Fresh,Arab or Middle Eastern,18-24,,Female,75082,High,curly_High,0
11/24/2020 2:13,11/24/2020 2:16,IP Address,92.107.185.251,100,197,TRUE,11/24/2020 2:16,R_eUN8IEPqQuOd6GR,46.20219421,6.145706177,anonymous,EN,Shoulder length,1-2 hours,I have no problem seeing my scalp.,Weekly,3b,"Gel,Styling Cream,Mousse","Frizz,Too Little Volume,Split Ends,Dandruff",Combination,Thin and bendable.,Just a few hairs here and there,,Rarely,Fruity,"White,Black or African American",35-44,Brazil,Female,1205,Medium,curly_Medium,1
11/24/2020 10:12,11/24/2020 10:17,IP Address,107.77.196.211,100,288,TRUE,11/24/2020 10:17,R_3QRAyrxVifxchBB,32.87930298,-96.63749695,anonymous,EN,Mid-back or longer,"A pretty long time, may be damp the whole day.",Some of my scalp.,Weekly,3b,"Styling Cream,Oil","Frizz,Too Little Volume,Split Ends,Dry Scalp,Breakage",Combination,Thick and noticeable.,None at all,,Rarely,Floral,Arab or Middle Eastern,25-34,Syrian Arab Republic,Female,78736,High,curly_High,0
11/25/2020 5:04,11/25/2020 5:07,IP Address,99.135.106.59,100,170,TRUE,11/25/2020 5:07,R_3MaPqfSExFwGPGs,34.11099243,-84.30249786,anonymous,EN,Armpit length,"A pretty long time, may be damp the whole day.",I have no problem seeing my scalp.,Rarely,4c,Oil,"Hair Growth,Thinning",Combination,Thin and bendable.,Just a few hairs here and there,,Rarely,Unscented,Black or African American,35-44,,Female,,High,coils_High,6
11/25/2020 12:21,11/25/2020 12:25,IP Address,99.39.124.74,100,230,TRUE,11/25/2020 12:25,R_zflsZFvVpgk14Tn,33.1493988,-96.82800293,anonymous,EN,,"A pretty long time, may be damp the whole day.",Some of my scalp.,Daily,4b,"Gel,Styling Cream,Oil","Split Ends,Dry Scalp,Dandruff",Balanced,Thin and bendable.,None at all,,Rarely,Fresh,Black or African American,18-24,Ethiopia,Female,75024,High,coils_High,6
11/26/2020 1:55,11/26/2020 1:58,IP Address,50.38.53.7,100,184,TRUE,11/26/2020 1:58,R_1mwtih2GMp3yRsY,45.3500061,-122.855896,anonymous,EN,,"A pretty long time, may be damp the whole day.",I have no problem seeing my scalp.,Rarely,3b,Styling Cream,"Thinning,Frizz,Split Ends,Breakage",Balanced,Thin and bendable.,None at all,,Monthly,Musk,Arab or Middle Eastern,18-24,Syrian Arab Republic,Female,,High,curly_High,0
11/26/2020 21:01,11/26/2020 21:05,IP Address,129.12.214.232,100,254,TRUE,11/26/2020 21:05,R_1LM79NZqPUGEtcq,51.3065033,1.036605835,anonymous,EN,Mid-back or longer,"A pretty long time, may be damp the whole day.",Some of my scalp.,Sometimes,4a,"Styling Cream,None of these, I prefer...",Breakage,Balanced,Thin and bendable.,None at all,,Monthly,Fresh,Black or African American,18-24,Nigeria,Female,,High,coils_High,6
12/2/2020 12:42,12/2/2020 12:50,IP Address,107.77.201.229,100,464,TRUE,12/2/2020 12:50,R_3kHvBrPADgkKTkg,32.76660156,-97.00749969,anonymous,EN,Shoulder length,"A pretty long time, may be damp the whole day.",I have no problem seeing my scalp.,Rarely,3c,"Styling Cream,Oil","Hair Growth,Thinning,Frizz",Balanced,Thin and bendable.,None at all,,Every few months,Floral,Black or African American,25-34,United States of America,Female,75231,High,curly_High,0
12/2/2020 14:15,12/2/2020 14:18,IP Address,47.188.76.86,100,184,TRUE,12/2/2020 14:18,R_1PcHN9WChI6BWxz,33.01759338,-96.99259949,anonymous,EN,Shoulder length,1-2 hours,Some of my scalp.,Rarely,3a,"Styling Cream,Mousse,Oil","Hair Growth,Thinning,Frizz,Too Little Volume,Split Ends,Breakage,Dull hair strands,Oily Scalp,Rough/Dry Hair",Combination,Thick and noticeable.,None at all,,Rarely,Floral,Arab or Middle Eastern,18-24,Palestine,Female,75067,Medium,curly_Medium,1
12/2/2020 14:58,12/2/2020 15:02,IP Address,104.189.65.41,100,232,TRUE,12/2/2020 15:02,R_O1Y2hpJfxOfCiRj,29.55419922,-95.73249817,anonymous,EN,Mid-back or longer,"A pretty long time, may be damp the whole day.",Very little of my scalp if any.,Sometimes,2b,"Styling Cream,Oil","Frizz,Split Ends,Breakage",Combination,Thick and noticeable.,None at all,,Rarely,Musk,Arab or Middle Eastern,18-24,Palestine,Female,,High,wavy_High,3
12/2/2020 22:46,12/2/2020 22:49,IP Address,70.122.249.106,100,170,TRUE,12/2/2020 22:49,R_1DwBPD7Uz0bOyG2,32.7539978,-97.13629913,anonymous,EN,,Just a few minutes out of the shower,I have no problem seeing my scalp.,Sometimes,3b,"Oil,None of these, I prefer...","Hair Growth,Frizz,Rough/Dry Hair",Combination,Thin and bendable.,None at all,,Rarely,Fruity,"Black or African American,Arab or Middle Eastern",18-24,Sudan,Female,,Low,curly_Low,2
12/3/2020 21:49,12/3/2020 21:51,IP Address,98.212.143.92,100,149,TRUE,12/3/2020 21:51,R_1YcUagjR7QlRfbz,39.93110657,-91.37609863,anonymous,EN,Armpit length,"A pretty long time, may be damp the whole day.",I have no problem seeing my scalp.,Weekly,2c,Mousse,"Frizz,Split Ends,Chemical and Heat Damage,Breakage",Combination,Thin and bendable.,None at all,Keratin Treatment,Rarely,Fresh,White,18-24,,Female,75205,High,wavy_High,3
12/7/2020 17:33,12/7/2020 17:38,IP Address,99.129.47.76,100,307,TRUE,12/7/2020 17:38,R_2154WSfm6CJGsyS,32.61549377,-96.77600098,anonymous,EN,Shoulder length,"A pretty long time, may be damp the whole day.",Some of my scalp.,Weekly,4b,"Styling Cream,Oil","Hair Growth,Dry Scalp,Dandruff",Dry,Thick and noticeable.,None at all,,Every few months,Fruity,Black or African American,18-24,United States of America,Female,75115,High,coils_High,6
12/7/2020 17:46,12/7/2020 17:51,IP Address,107.77.198.198,100,249,TRUE,12/7/2020 17:51,R_2VwI65a2a4977Mv,32.83099365,-96.76920319,anonymous,EN,Shoulder length,"A pretty long time, may be damp the whole day.",Some of my scalp.,Weekly,3a,"Gel,Styling Cream,Mousse,Oil","Hair Growth,Thinning,Too Little Volume,Breakage,Oily Scalp",Combination,Thin and bendable.,None at all,,Rarely,Fresh,"Asian,South Asian",18-24,Singapore,Female,75013,High,curly_High,0
12/7/2020 17:52,12/7/2020 17:55,IP Address,72.181.128.139,100,197,TRUE,12/7/2020 17:55,R_2uP8tHTyny1ybbn,32.82420349,-96.7507019,anonymous,EN,Armpit length,"A pretty long time, may be damp the whole day.",Some of my scalp.,Daily,2b,"Mousse,Custard","Frizz,Dandruff,Dull hair strands,Oily Scalp",Combination,Thin and bendable.,None at all,,Rarely,Floral,"White,South Asian",18-24,India,Female,75226,High,wavy_High,3
12/7/2020 21:23,12/7/2020 21:26,IP Address,104.188.157.221,100,184,TRUE,12/7/2020 21:26,R_2f3DcYaR5jEB0B9,32.86459351,-96.78839874,anonymous,EN,Mid-back or longer,1-2 hours,Very little of my scalp if any.,Rarely,2c,Styling Cream,"Frizz,Too Much Volume,Breakage,Dull hair strands,Rough/Dry Hair",Combination,Thick and noticeable.,About half of my hair,Keratin Treatment,Monthly,Fresh,White,45-54,Germany,Female,75230,Medium,wavy_Medium,4
12/7/2020 23:27,12/7/2020 23:31,IP Address,24.162.68.114,100,282,TRUE,12/7/2020 23:31,R_2y3YEt15TMJUBIH,32.87539673,-96.71029663,anonymous,EN,Armpit length,1-2 hours,I have no problem seeing my scalp.,Sometimes,3b,"Styling Cream,Mousse","Frizz,Split Ends,Chemical and Heat Damage,Breakage,Rough/Dry Hair",Combination,Thick and noticeable.,None at all,,Every few months,Floral,"White,American Indian or Alaska Native",18-24,Mexico,Female,75228,Medium,curly_Medium,1
12/8/2020 23:48,12/8/2020 23:51,IP Address,47.187.227.44,100,172,TRUE,12/8/2020 23:51,R_2zCHF1h1flDN49z,32.93460083,-96.55439758,anonymous,EN,Shoulder length,1-2 hours,Very little of my scalp if any.,Rarely,2c,"Gel,Styling Cream","Frizz,Split Ends,Dry Scalp,Breakage,Rough/Dry Hair",Dry,Thin and bendable.,None at all,,Once or twice a year,Fruity,White,18-24,Mexico,Female,75088,Medium,wavy_Medium,4
12/10/2020 11:40,12/10/2020 11:48,IP Address,208.94.155.245,100,477,TRUE,12/10/2020 11:48,R_2uCc4M7L6Hr8tnl,32.92469788,-96.89170074,anonymous,EN,Armpit length,1-2 hours,I have no problem seeing my scalp.,Rarely,2b,"Styling Cream,Mousse,Hair Spray","Too Little Volume,Split Ends,Chemical and Heat Damage,Dull hair strands",Combination,Thin and bendable.,Just a few hairs here and there,,Every few months,Fresh,White,45-54,Germany,Female,75039,Medium,wavy_Medium,4
12/12/2020 2:18,12/12/2020 2:21,IP Address,172.124.55.168,100,206,TRUE,12/12/2020 2:21,R_2CyvNfPf7LXaYD0,35.62109375,-97.47570038,anonymous,EN,,"A pretty long time, may be damp the whole day.",Some of my scalp.,Weekly,4c,"Styling Cream,Oil","Hair Growth,Dandruff,Dull hair strands",Dry,Thin and bendable.,Just a few hairs here and there,,Monthly,Fresh,,18-24,United States of America,Female,73034,High,coils_High,6
12/12/2020 5:51,12/12/2020 5:54,IP Address,130.45.39.75,100,191,TRUE,12/12/2020 5:54,R_1GWxYt31G1FQgn4,29.48730469,-98.45320129,anonymous,EN,Shoulder length,1-2 hours,Some of my scalp.,Sometimes,2b,Mousse,"Thinning,Too Little Volume,Split Ends,Dull hair strands,Rough/Dry Hair",Dry,I can't feel the strand.,Just a few hairs here and there,,Every few months,Fresh,White,55-64,Mexico,Female,78209,Medium,wavy_Medium,4
12/12/2020 7:47,12/12/2020 7:54,IP Address,76.250.67.59,100,424,TRUE,12/12/2020 7:54,R_1HbKldPEizfFRzB,29.74220276,-95.49030304,anonymous,EN,Above the ear or shoulder,Just a few minutes out of the shower,I have no problem seeing my scalp.,Rarely,4c,"None of these, I prefer...","Hair Growth,Thinning,Breakage",Balanced,Thin and bendable.,Most of my hair,,Rarely,Fresh,Black or African American,55-64,United States of America,Female,77063,Low,coils_Low,8
12/12/2020 7:54,12/12/2020 8:00,IP Address,76.250.67.59,100,379,TRUE,12/12/2020 8:00,R_3ET5qxIwTb9R4fw,29.74220276,-95.49030304,anonymous,EN,Above the ear or shoulder,Just a few minutes out of the shower,I have no problem seeing my scalp.,Rarely,4c,"None of these, I prefer...","Hair Growth,Thinning,Breakage",Balanced,Thin and bendable.,Most of my hair,,Rarely,Fresh,Black or African American,55-64,,Female,77063,Low,coils_Low,8
12/12/2020 16:04,12/12/2020 16:07,IP Address,208.94.155.245,100,191,TRUE,12/12/2020 16:07,R_1MYDMcTDLg7JOLj,32.92469788,-96.89170074,anonymous,EN,Above the ear or shoulder,Just a few minutes out of the shower,I have no problem seeing my scalp.,Rarely,4c,"Gel,Hair Spray","Thinning,Rough/Dry Hair",Balanced,Thick and noticeable.,Most of my hair,,Every few months,Fresh,Black or African American,45-54,United States of America,Male,75043,Low,coils_Low,8
12/13/2020 18:31,12/13/2020 18:37,IP Address,129.32.224.97,100,396,TRUE,12/13/2020 18:37,R_1CrS3TFYSUapLNE,39.98100281,-75.16989899,anonymous,EN,Mid-back or longer,"A pretty long time, may be damp the whole day.",Some of my scalp.,Daily,3c,"Gel,Styling Cream","Hair Growth,Frizz,Dry Scalp,Dandruff,Rough/Dry Hair",Dry,Thick and noticeable.,Just a few hairs here and there,,Rarely,Fresh,Arab or Middle Eastern,18-24,Egypt,Female,19121,High,curly_High,0
12/14/2020 11:47,12/14/2020 11:53,IP Address,47.44.194.180,100,378,TRUE,12/14/2020 11:53,R_AuLsLOJY4VkU3RL,32.77139282,-97.29149628,anonymous,EN,Armpit length,1-2 hours,Some of my scalp.,Rarely,3c,"Gel,Oil","Frizz,Split Ends,Rough/Dry Hair,Anti Aging",Balanced,I can't feel the strand.,Just a few hairs here and there,,Every few months,Fresh,White,55-64,,Female,76102,Medium,curly_Medium,1
12/15/2020 10:00,12/15/2020 10:05,IP Address,99.73.219.17,100,241,TRUE,12/15/2020 10:05,R_2viWM1IXVClAnOM,32.70150757,-97.38310242,anonymous,EN,Armpit length,1-2 hours,Very little of my scalp if any.,Rarely,2a,"None of these, I prefer...",Frizz,Balanced,Thin and bendable.,Just a few hairs here and there,,Rarely,Unscented,"White,American Indian or Alaska Native",45-54,Germany,Female,76109,Medium,wavy_Medium,4
12/16/2020 8:34,12/16/2020 8:39,IP Address,66.150.1.80,100,260,TRUE,12/16/2020 8:39,R_3GquuYzEK8q0bqU,32.77870178,-96.82170105,anonymous,EN,Above the ear or shoulder,1-2 hours,I have no problem seeing my scalp.,Sometimes,2b,"None of these, I prefer...","Frizz,Too Much Volume,Chemical and Heat Damage",Balanced,Thin and bendable.,None at all,,Monthly,Unscented,White,25-34,United States of America,Female,75226,Medium,wavy_Medium,4
12/16/2020 8:49,12/16/2020 8:53,IP Address,208.94.155.245,100,273,TRUE,12/16/2020 8:53,R_3jHzpZPlxOZPj5T,32.92469788,-96.89170074,anonymous,EN,Shoulder length,1-2 hours,I have no problem seeing my scalp.,Rarely,1,"None of these, I prefer...",Oily Scalp,Oily,Thin and bendable.,None at all,,Rarely,Floral,White,18-24,United States of America,Female,75028,Medium,Straight_Medium,9
12/16/2020 9:09,12/16/2020 9:14,IP Address,66.150.1.80,100,277,TRUE,12/16/2020 9:14,R_2ay0Gd1znrHKsAR,32.77870178,-96.82170105,anonymous,EN,Shoulder length,1-2 hours,I have no problem seeing my scalp.,Sometimes,2b,Mousse,"Thinning,Dandruff,Oily Scalp",Oily,I can't feel the strand.,None at all,,Rarely,Fruity,White,35-44,United States of America,Female,75007,Medium,wavy_Medium,4
12/16/2020 10:32,12/16/2020 10:39,IP Address,208.94.155.245,100,451,TRUE,12/16/2020 10:40,R_OkuRQuLaJa08QEN,32.92469788,-96.89170074,anonymous,EN,Mid-back or longer,"A pretty long time, may be damp the whole day.",Some of my scalp.,Sometimes,2b,"Styling Cream,Oil,Hair Spray","Frizz,Split Ends,Dandruff,Dull hair strands,Rough/Dry Hair",Combination,I can't feel the strand.,Just a few hairs here and there,,Monthly,Fresh,White,25-34,United States of America,Female,75214,High,wavy_High,3
12/16/2020 11:45,12/16/2020 11:58,IP Address,67.198.105.49,100,774,TRUE,12/16/2020 11:58,R_PNbzMf6ncBSQbQd,33.09509277,-96.88050079,anonymous,EN,Armpit length,"A pretty long time, may be damp the whole day.",Some of my scalp.,Rarely,2b,"Oil,Hair Spray",Too Much Volume,Oily,Thin and bendable.,About half of my hair,Chemical Straightening (Relaxer),Monthly,Fresh,White,55-64,,Female,75056,High,wavy_High,3
12/16/2020 11:33,12/16/2020 12:03,IP Address,97.99.96.69,100,1831,TRUE,12/16/2020 12:03,R_3n8jzokcWAKuzUD,32.9992981,-96.83460236,anonymous,EN,Above the ear or shoulder,Just a few minutes out of the shower,I have no problem seeing my scalp.,Rarely,1,Hair Spray,"Thinning,Oily Scalp",Oily,Thick and noticeable.,Just a few hairs here and there,,Rarely,Musk,White,55-64,United States of America,Male,75248,Low,Straight_Low,10
12/16/2020 12:23,12/16/2020 12:27,IP Address,99.57.45.250,100,233,TRUE,12/16/2020 12:27,R_DAD9G2VJhbHbB8R,32.7539978,-97.13629913,anonymous,EN,Above the ear or shoulder,Just a few minutes out of the shower,Very little of my scalp if any.,Rarely,2a,"None of these, I prefer...",Oily Scalp,Oily,Thick and noticeable.,Just a few hairs here and there,,Every few months,Fresh,White,55-64,Germany,Female,76012,Low,wavy_Low,5
12/17/2020 14:20,12/17/2020 14:23,IP Address,47.188.95.36,100,198,TRUE,12/17/2020 14:23,R_3QE7wrQ1v6Kr9jL,33.00360107,-96.88339996,anonymous,EN,Shoulder length,1-2 hours,Very little of my scalp if any.,Rarely,2c,"Styling Cream,Hair Spray","Frizz,Chemical and Heat Damage,Breakage,Dull hair strands,Rough/Dry Hair",Balanced,I can't feel the strand.,Just a few hairs here and there,,Every few months,Fresh,White,35-44,United Kingdom of Great Britain and Northern Ireland,Female,75010,Medium,wavy_Medium,4
12/17/2020 14:19,12/17/2020 14:24,IP Address,66.150.1.80,100,274,TRUE,12/17/2020 14:24,R_1g2qhiae1WtHg2o,32.77870178,-96.82170105,anonymous,EN,Armpit length,"A pretty long time, may be damp the whole day.",Very little of my scalp if any.,Daily,2b,"None of these, I prefer...","Split Ends,Dandruff,Oily Scalp",Combination,Thick and noticeable.,None at all,,Rarely,Fresh,White,25-34,United States of America,Female,75238,High,wavy_High,3
12/17/2020 14:21,12/17/2020 14:24,IP Address,75.46.133.166,100,176,TRUE,12/17/2020 14:24,R_soKwSyuanlPILbr,33.19760132,-96.61779785,anonymous,EN,Above the ear or shoulder,Just a few minutes out of the shower,Some of my scalp.,Rarely,2b,Styling Cream,Thinning,Oily,I can't feel the strand.,Just a few hairs here and there,,Rarely,Unscented,White,45-54,France,Male,75069,Low,wavy_Low,5
12/17/2020 14:18,12/17/2020 14:26,IP Address,66.150.1.80,100,442,TRUE,12/17/2020 14:26,R_ZgfDbIuTsQOfulX,32.77870178,-96.82170105,anonymous,EN,Armpit length,"A pretty long time, may be damp the whole day.",Some of my scalp.,Rarely,2c,"None of these, I prefer...","Frizz,Too Little Volume,Chemical and Heat Damage,Oily Scalp",Combination,Thin and bendable.,None at all,,Rarely,Floral,White,25-34,United States of America,Female,75062,High,wavy_High,3
12/17/2020 14:42,12/17/2020 14:47,IP Address,71.91.171.165,100,271,TRUE,12/17/2020 14:47,R_bjCtliPKWZQwhoZ,32.88760376,-97.21320343,anonymous,EN,Mid-back or longer,"A pretty long time, may be damp the whole day.",Some of my scalp.,Rarely,2b,Styling Cream,"Frizz,Breakage,Anti Aging",Combination,Thin and bendable.,Just a few hairs here and there,,Every few months,Fresh,White,45-54,United States of America,Female,76053,High,wavy_High,3
12/18/2020 7:55,12/18/2020 7:59,IP Address,66.150.1.80,100,232,TRUE,12/18/2020 7:59,R_RL8Zs5ncgLaGFyx,32.77870178,-96.82170105,anonymous,EN,Shoulder length,1-2 hours,Very little of my scalp if any.,Rarely,2c,Styling Cream,Too Little Volume,Combination,I can't feel the strand.,None at all,,Rarely,Fresh,White,55-64,United States of America,Female,76208,Medium,wavy_Medium,4
12/22/2020 12:20,12/22/2020 12:26,IP Address,174.244.16.41,100,347,TRUE,12/22/2020 12:26,R_SOEFnQBMmmapMtj,32.80079651,-96.78839874,anonymous,EN,Mid-back or longer,"A pretty long time, may be damp the whole day.",Some of my scalp.,Sometimes,3a,"Gel,Mousse,Hair Spray",Frizz,Balanced,Thick and noticeable.,None at all,,Every few months,Spice,"Asian,Other",18-24,Mexico,Female,75206,High,curly_High,0
1/1/2021 14:03,1/1/2021 14:07,IP Address,70.122.35.237,100,262,TRUE,1/1/2021 14:08,R_2WBWGCCOvq0dDOp,32.85450745,-97.1359024,anonymous,EN,Shoulder length,Just a few minutes out of the shower,Some of my scalp.,Sometimes,3b,Gel,"Hair Growth,Frizz,Split Ends,Breakage,Rough/Dry Hair",Dry,Thin and bendable.,Just a few hairs here and there,,Every few months,Fruity,White,45-54,Ireland,Female,76021,Low,curly_Low,2
1/11/2021 13:24,1/11/2021 13:30,IP Address,174.106.116.215,100,360,TRUE,1/11/2021 13:30,R_VKIMLCeZsZBRPWh,35.17280579,-79.39189911,anonymous,EN,Armpit length,"A pretty long time, may be damp the whole day.",I have no problem seeing my scalp.,Weekly,3a,"Styling Cream,Custard","Hair Growth,Thinning,Frizz,Too Little Volume,Dandruff,Rough/Dry Hair",Dry,Thick and noticeable.,None at all,,Rarely,Fruity,"Black or African American,Other",18-24,United States of America,Female,28387,High,curly_High,0
